Order ID,Date,Customer Name,Product,Quantity,Unit Price,Location
ORD1000,2023-09-11 00:00:00,Michael Brown,Router,9,1998.36,Austin
ORD1001,2024-01-31 00:00:00,John Garcia,Laptop,7,1769.27,Dallas
ORD1002,2023-05-24 00:00:00,Michael Smith,Camera,6,739.82,Los Angeles
ORD1003,2023-08-25 00:00:00,Sarah Johnson,Mouse,2,1710.78,Jacksonville
ORD1004,2023-05-30 00:00:00,Chris Garcia,Smartphone,6,192.7,Jacksonville
ORD1005,2023-06-12 00:00:00,Michael Jones,Tablet,4,1229.61,New York
ORD1006,2023-12-21 00:00:00,Michael Davis,Smartphone,5,139.42,New York
ORD1007,2023-05-06 00:00:00,Laura Johnson,Laptop,9,1428.27,Phoenix
ORD1008,2023-10-31 00:00:00,Emma Davis,Keyboard,3,1965.46,Chicago
ORD1009,2023-12-30 00:00:00,Jane Smith,Mouse,3,696.85,Houston
ORD1010,2023-12-10 00:00:00,Chris Smith,Monitor,1,1502.68,Austin
ORD1011,2023-07-18 00:00:00,Laura Moore,Router,9,481.19,San Diego
ORD1012,2023-06-03 00:00:00,Michael Brown,Keyboard,3,51.23,San Antonio
ORD1013,2023-10-06 00:00:00,John Smith,Keyboard,2,1012.62,Philadelphia
ORD1014,2023-08-17 00:00:00,David Jones,Laptop,5,1561.73,Philadelphia
ORD1015,2023-11-11 00:00:00,Chris Moore,Camera,5,137.9,Phoenix
ORD1016,2023-01-15 00:00:00,Emily Johnson,Keyboard,2,175.2,New York
ORD1017,2023-10-18 00:00:00,Emma Williams,Keyboard,8,973.78,San Antonio
ORD1018,2023-02-07 00:00:00,Laura Smith,Tablet,1,1924.94,San Diego
ORD1019,2023-03-02 00:00:00,Laura Williams,Router,8,1248.42,San Jose
ORD1020,2023-10-08 00:00:00,Emma Davis,Monitor,1,1103.6,Los Angeles
ORD1021,2023-10-24 00:00:00,David Brown,Tablet,2,1842.32,Jacksonville
ORD1022,2023-07-23 00:00:00,Jane Brown,Router,5,1526.15,San Diego
ORD1023,2023-01-11 00:00:00,Jane Smith,Smartphone,2,263.82,Chicago
ORD1024,2023-02-06 00:00:00,John Wilson,Mouse,4,694.03,Dallas
ORD1025,2023-12-25 00:00:00,Michael Williams,Mouse,3,835.12,Houston
ORD1026,2023-06-21 00:00:00,Daniel Wilson,Smartphone,7,1197.76,San Diego
ORD1027,2023-06-13 00:00:00,David Garcia,Monitor,6,1219.23,Chicago
ORD1028,2023-02-16 00:00:00,Chris Davis,Monitor,5,919.75,Phoenix
ORD1029,2023-01-02 00:00:00,Emily Wilson,Camera,7,1280.61,San Jose
ORD1030,2023-09-17 00:00:00,Chris Wilson,Keyboard,1,1063.77,San Diego
ORD1031,2023-07-03 00:00:00,John Williams,Smartphone,8,862.49,New York
ORD1032,2023-09-04 00:00:00,Chris Jones,Headphones,3,339.32,Austin
ORD1033,2023-07-19 00:00:00,Michael Brown,Headphones,7,1114,Philadelphia
ORD1034,2023-03-13 00:00:00,Chris Miller,Laptop,6,267.9,San Diego
ORD1035,2023-08-22 00:00:00,John Moore,Laptop,4,1342.36,San Antonio
ORD1036,2023-01-21 00:00:00,Michael Wilson,Laptop,8,1603.62,New York
ORD1037,2024-01-24 00:00:00,Michael Jones,Smartphone,3,495.31,Jacksonville
ORD1038,2023-04-25 00:00:00,Michael Johnson,Monitor,9,1306.34,San Diego
ORD1039,2023-07-07 00:00:00,Daniel Jones,Headphones,4,841.91,San Jose
ORD1040,2023-11-15 00:00:00,Emily Davis,Headphones,8,1042.77,San Diego
ORD1041,2023-11-03 00:00:00,John Jones,Router,8,413.34,Phoenix
ORD1042,2024-01-31 00:00:00,Laura Moore,Mouse,2,505.67,Austin
ORD1043,2023-11-07 00:00:00,John Smith,Keyboard,1,1460.83,New York
ORD1044,2023-02-28 00:00:00,Sarah Miller,Printer,8,1146.11,San Diego
ORD1045,2023-07-20 00:00:00,Emily Brown,Printer,7,1726.24,Los Angeles
ORD1046,2023-01-09 00:00:00,John Johnson,Headphones,3,1055.43,Phoenix
ORD1047,2023-11-15 00:00:00,John Williams,Smartphone,8,1364.97,Phoenix
ORD1048,2023-04-26 00:00:00,John Jones,Smartphone,1,658.18,Philadelphia
ORD1049,2023-11-18 00:00:00,David Jones,Laptop,9,932.24,San Jose
ORD1050,2023-10-26 00:00:00,Daniel Moore,Mouse,5,432.26,Phoenix
ORD1051,2024-01-09 00:00:00,Jane Williams,Headphones,4,803.04,Phoenix
ORD1052,2023-06-19 00:00:00,Laura Jones,Keyboard,7,1159.05,San Diego
ORD1053,2023-05-25 00:00:00,David Moore,Headphones,1,174.72,Philadelphia
ORD1054,2023-10-15 00:00:00,John Davis,Printer,7,603.49,Los Angeles
ORD1055,2023-03-25 00:00:00,Michael Miller,Camera,9,1367.85,Los Angeles
ORD1056,2023-07-15 00:00:00,John Garcia,Keyboard,5,306.31,San Antonio
ORD1057,2023-12-09 00:00:00,Michael Wilson,Tablet,3,1834.54,Austin
ORD1058,2023-10-12 00:00:00,Sarah Garcia,Tablet,6,1728.23,Chicago
ORD1059,2023-04-01 00:00:00,Daniel Brown,Tablet,5,323.11,Houston
ORD1060,2024-01-12 00:00:00,Laura Williams,Laptop,3,1969.96,San Jose
ORD1061,2023-11-04 00:00:00,Sarah Moore,Laptop,7,466.34,San Jose
ORD1062,2023-05-11 00:00:00,David Moore,Printer,8,510.3,Chicago
ORD1063,2023-09-21 00:00:00,Chris Johnson,Headphones,2,1445.84,Chicago
ORD1064,2023-05-30 00:00:00,Michael Garcia,Smartphone,8,474.31,Chicago
ORD1065,2023-01-05 00:00:00,David Jones,Mouse,1,312.07,Phoenix
ORD1066,2023-09-28 00:00:00,Daniel Brown,Keyboard,3,1929,Dallas
ORD1067,2023-08-09 00:00:00,Jane Davis,Headphones,9,1908.69,Los Angeles
ORD1068,2024-01-14 00:00:00,Michael Brown,Camera,8,1999.45,Austin
ORD1069,2023-12-30 00:00:00,Laura Moore,Router,5,1290.08,Phoenix
ORD1070,2023-07-16 00:00:00,Emily Moore,Smartphone,9,1546.82,Chicago
ORD1071,2023-05-31 00:00:00,Laura Moore,Keyboard,7,1896.2,Jacksonville
ORD1072,2023-08-09 00:00:00,Sarah Garcia,Keyboard,4,51.13,Houston
ORD1073,2023-12-06 00:00:00,Laura Brown,Tablet,5,471.08,Jacksonville
ORD1074,2023-10-28 00:00:00,Sarah Moore,Printer,2,1002.98,Philadelphia
ORD1075,2023-04-21 00:00:00,Laura Garcia,Camera,3,735.86,San Antonio
ORD1076,2023-12-11 00:00:00,Jane Williams,Mouse,5,1787.46,Jacksonville
ORD1077,2023-10-19 00:00:00,Emma Williams,Mouse,7,474.74,Chicago
ORD1078,2023-05-17 00:00:00,Laura Miller,Mouse,4,1182.36,Philadelphia
ORD1079,2023-12-15 00:00:00,Daniel Williams,Mouse,9,1410.8,San Diego
ORD1080,2023-03-28 00:00:00,John Davis,Tablet,5,91.32,Phoenix
ORD1081,2023-03-24 00:00:00,Emma Jones,Laptop,7,1809.29,San Jose
ORD1082,2023-07-30 00:00:00,Michael Jones,Router,5,348.17,San Antonio
ORD1083,2023-02-08 00:00:00,Michael Brown,Printer,9,1975.27,San Antonio
ORD1084,2023-10-25 00:00:00,Sarah Miller,Printer,4,234.48,Houston
ORD1085,2023-09-06 00:00:00,Sarah Williams,Printer,2,356.68,Los Angeles
ORD1086,2023-04-21 00:00:00,Sarah Brown,Mouse,5,351.8,Phoenix
ORD1087,2023-02-17 00:00:00,Chris Miller,Smartphone,5,1720.25,San Jose
ORD1088,2024-01-16 00:00:00,Emma Smith,Tablet,6,1452.36,Dallas
ORD1089,2023-12-29 00:00:00,Emily Davis,Smartphone,3,503.07,San Antonio
ORD1090,2023-01-13 00:00:00,Emma Brown,Keyboard,1,1466.65,San Diego
ORD1091,2024-01-18 00:00:00,Emma Brown,Keyboard,1,1753.31,Houston
ORD1092,2023-05-22 00:00:00,Jane Davis,Laptop,9,429.31,Houston
ORD1093,2023-09-15 00:00:00,David Smith,Headphones,7,1061.78,Phoenix
ORD1094,2023-01-31 00:00:00,Emma Smith,Laptop,3,585.95,Los Angeles
ORD1095,2023-09-29 00:00:00,Chris Wilson,Camera,2,617.51,Phoenix
ORD1096,2023-05-06 00:00:00,Chris Jones,Router,5,232.72,San Antonio
ORD1097,2023-05-31 00:00:00,Emma Jones,Router,4,697.53,Chicago
ORD1098,2023-11-25 00:00:00,Sarah Wilson,Camera,7,1980.42,Chicago
ORD1099,2023-04-24 00:00:00,David Smith,Laptop,5,268.27,Houston
ORD1100,2023-08-29 00:00:00,Emily Miller,Smartphone,1,1949.64,San Jose
ORD1101,2023-05-26 00:00:00,Daniel Jones,Mouse,3,1588.33,Jacksonville
ORD1102,2023-03-16 00:00:00,Daniel Brown,Router,4,879.92,San Jose
ORD1103,2023-04-19 00:00:00,Daniel Johnson,Mouse,4,1180.47,Jacksonville
ORD1104,2023-10-07 00:00:00,John Garcia,Keyboard,1,1143.11,New York
ORD1105,2023-11-08 00:00:00,Sarah Moore,Laptop,6,447.6,San Diego
ORD1106,2023-08-23 00:00:00,Emily Williams,Headphones,2,261.72,San Jose
ORD1107,2023-04-18 00:00:00,Chris Garcia,Laptop,3,725.22,Jacksonville
ORD1108,2023-12-14 00:00:00,Laura Smith,Printer,6,1651.45,Houston
ORD1109,2023-12-23 00:00:00,Laura Davis,Printer,1,1821.4,New York
ORD1110,2023-02-01 00:00:00,Emily Davis,Mouse,7,684.61,Philadelphia
ORD1111,2023-03-19 00:00:00,Sarah Johnson,Printer,2,637.74,Chicago
ORD1112,2023-12-27 00:00:00,Jane Jones,Tablet,7,172.93,Houston
ORD1113,2023-12-01 00:00:00,Jane Williams,Headphones,9,755.89,New York
ORD1114,2023-08-03 00:00:00,Emily Johnson,Monitor,5,746.85,San Antonio
ORD1115,2023-05-02 00:00:00,Sarah Wilson,Mouse,5,1424.13,New York
ORD1116,2024-01-20 00:00:00,Emma Davis,Laptop,8,1038.84,Chicago
ORD1117,2023-01-08 00:00:00,Michael Miller,Laptop,7,1169.83,San Diego
ORD1118,2024-01-30 00:00:00,Sarah Williams,Camera,3,481.58,Houston
ORD1119,2023-03-04 00:00:00,Chris Williams,Router,4,152.64,Philadelphia
ORD1120,2023-05-01 00:00:00,Daniel Brown,Headphones,1,1906.04,Dallas
ORD1121,2023-07-12 00:00:00,Emily Smith,Laptop,7,1102.13,Dallas
ORD1122,2023-08-23 00:00:00,Emily Williams,Laptop,4,1018.61,Los Angeles
ORD1123,2023-05-21 00:00:00,Emma Davis,Mouse,6,155.32,Los Angeles
ORD1124,2023-08-19 00:00:00,Michael Moore,Monitor,7,1155.3,San Antonio
ORD1125,2023-12-27 00:00:00,Michael Miller,Monitor,2,1438.99,Austin
ORD1126,2023-01-22 00:00:00,Michael Brown,Laptop,9,1122.8,San Diego
ORD1127,2023-12-17 00:00:00,Emily Jones,Router,7,1261.43,Philadelphia
ORD1128,2023-08-08 00:00:00,Jane Johnson,Mouse,9,352.23,Houston
ORD1129,2023-12-30 00:00:00,Chris Moore,Tablet,3,1590.33,San Diego
ORD1130,2023-12-20 00:00:00,Laura Moore,Keyboard,9,196.56,San Antonio
ORD1131,2023-07-06 00:00:00,David Davis,Router,7,1478.57,Philadelphia
ORD1132,2023-06-11 00:00:00,Michael Brown,Mouse,3,714.73,Austin
ORD1133,2023-10-07 00:00:00,Michael Miller,Tablet,9,727.88,Houston
ORD1134,2023-10-19 00:00:00,David Wilson,Headphones,6,274.51,Chicago
ORD1135,2024-01-21 00:00:00,David Jones,Laptop,2,384.7,Jacksonville
ORD1136,2023-11-14 00:00:00,David Garcia,Camera,8,1617.61,Houston
ORD1137,2023-05-16 00:00:00,Daniel Brown,Printer,2,131.28,Los Angeles
ORD1138,2023-12-30 00:00:00,David Miller,Smartphone,3,1788.37,Houston
ORD1139,2023-07-11 00:00:00,Michael Wilson,Keyboard,8,164.27,Los Angeles
ORD1140,2024-01-03 00:00:00,Emma Brown,Headphones,3,727.18,Houston
ORD1141,2024-01-07 00:00:00,Michael Moore,Smartphone,5,1393.31,San Diego
ORD1142,2023-10-18 00:00:00,Sarah Wilson,Keyboard,3,190.88,Phoenix
ORD1143,2023-01-29 00:00:00,Laura Jones,Tablet,3,430.63,Dallas
ORD1144,2023-02-09 00:00:00,Chris Johnson,Smartphone,9,294.17,Chicago
ORD1145,2023-04-14 00:00:00,Daniel Johnson,Smartphone,3,1312.14,Austin
ORD1146,2023-05-08 00:00:00,John Johnson,Smartphone,5,565.53,New York
ORD1147,2023-07-15 00:00:00,Emma Wilson,Camera,9,1327.65,San Antonio
ORD1148,2024-01-08 00:00:00,Daniel Brown,Tablet,5,1634.04,San Jose
ORD1149,2023-04-15 00:00:00,Chris Brown,Camera,4,698.12,Austin
ORD1150,2024-01-27 00:00:00,Laura Garcia,Tablet,8,58.22,San Diego
ORD1151,2024-01-02 00:00:00,Chris Miller,Smartphone,1,67.81,Philadelphia
ORD1152,2023-11-30 00:00:00,Laura Williams,Laptop,3,1354.87,Los Angeles
ORD1153,2023-10-30 00:00:00,Jane Miller,Laptop,8,530.86,New York
ORD1154,2023-01-14 00:00:00,Emily Jones,Router,4,879.3,Austin
ORD1155,2023-05-08 00:00:00,Daniel Johnson,Router,4,1610.21,Houston
ORD1156,2023-09-12 00:00:00,John Miller,Camera,2,1893.11,New York
ORD1157,2023-03-16 00:00:00,Chris Moore,Mouse,1,75.89,Austin
ORD1158,2024-01-08 00:00:00,Daniel Moore,Keyboard,6,1947.8,Philadelphia
ORD1159,2023-11-07 00:00:00,Emily Johnson,Tablet,9,651.88,Chicago
ORD1160,2023-07-16 00:00:00,Emma Garcia,Tablet,2,492.06,Dallas
ORD1161,2023-05-03 00:00:00,David Brown,Laptop,7,1981.24,Houston
ORD1162,2023-12-21 00:00:00,Chris Johnson,Printer,4,286.9,San Jose
ORD1163,2023-06-30 00:00:00,Emily Brown,Printer,5,299.88,San Antonio
ORD1164,2023-04-23 00:00:00,Jane Brown,Mouse,1,820.37,Chicago
ORD1165,2023-09-27 00:00:00,Emma Garcia,Printer,6,1554.51,San Jose
ORD1166,2023-03-09 00:00:00,Laura Williams,Smartphone,8,179.16,Phoenix
ORD1167,2023-02-10 00:00:00,David Smith,Tablet,7,1812.46,Chicago
ORD1168,2023-06-16 00:00:00,Laura Jones,Smartphone,8,657.16,Los Angeles
ORD1169,2023-01-02 00:00:00,Laura Miller,Laptop,1,576.46,Chicago
ORD1170,2023-08-29 00:00:00,Daniel Garcia,Printer,2,54.3,Dallas
ORD1171,2023-01-18 00:00:00,Sarah Brown,Keyboard,6,1578.72,San Jose
ORD1172,2023-11-29 00:00:00,Laura Jones,Camera,2,622.26,Chicago
ORD1173,2023-12-12 00:00:00,David Moore,Headphones,6,1015.09,Jacksonville
ORD1174,2023-07-10 00:00:00,Jane Brown,Monitor,6,884.61,Philadelphia
ORD1175,2023-02-25 00:00:00,David Davis,Smartphone,8,416.44,San Diego
ORD1176,2023-03-07 00:00:00,John Smith,Smartphone,5,1045.41,Phoenix
ORD1177,2023-01-31 00:00:00,Michael Williams,Printer,5,1068.3,Los Angeles
ORD1178,2023-09-28 00:00:00,Chris Moore,Headphones,2,722.74,Los Angeles
ORD1179,2023-09-26 00:00:00,John Johnson,Headphones,7,1136.57,Jacksonville
ORD1180,2023-12-03 00:00:00,Chris Davis,Monitor,4,1614.34,Austin
ORD1181,2023-04-05 00:00:00,Chris Jones,Headphones,7,1355.69,Houston
ORD1182,2023-02-19 00:00:00,Daniel Wilson,Headphones,5,1331.94,Jacksonville
ORD1183,2023-06-29 00:00:00,Daniel Williams,Camera,9,1264.68,Los Angeles
ORD1184,2023-11-27 00:00:00,Emily Jones,Laptop,9,1865.22,Chicago
ORD1185,2023-05-26 00:00:00,David Jones,Laptop,1,1062.94,San Jose
ORD1186,2023-11-17 00:00:00,Sarah Wilson,Monitor,9,861.26,Los Angeles
ORD1187,2023-07-15 00:00:00,Laura Williams,Monitor,6,248.23,Philadelphia
ORD1188,2023-03-08 00:00:00,Emily Moore,Printer,2,266.22,Austin
ORD1189,2023-07-13 00:00:00,Emily Garcia,Router,2,538.95,San Jose
ORD1190,2023-09-24 00:00:00,Emily Garcia,Laptop,7,1448.89,New York
ORD1191,2023-02-16 00:00:00,John Jones,Tablet,8,1514.16,Los Angeles
ORD1192,2023-01-03 00:00:00,Daniel Johnson,Laptop,3,814.62,Philadelphia
ORD1193,2023-06-30 00:00:00,Daniel Brown,Tablet,6,1396.53,Chicago
ORD1194,2023-02-18 00:00:00,Daniel Wilson,Smartphone,9,312.2,San Diego
ORD1195,2023-06-12 00:00:00,Emma Davis,Tablet,2,1433.13,Chicago
ORD1196,2023-10-26 00:00:00,Daniel Garcia,Mouse,1,1760.1,Chicago
ORD1197,2023-07-13 00:00:00,Jane Jones,Mouse,6,384.12,Houston
ORD1198,2023-08-08 00:00:00,John Smith,Printer,6,1513.97,San Antonio
ORD1199,2023-01-02 00:00:00,Daniel Smith,Monitor,8,1894.3,San Diego
ORD1200,2023-01-14 00:00:00,Michael Miller,Headphones,4,1414.85,Chicago
ORD1201,2023-09-30 00:00:00,Jane Davis,Router,3,1739.31,Chicago
ORD1202,2023-09-17 00:00:00,Laura Brown,Camera,7,1942.35,Chicago
ORD1203,2023-12-13 00:00:00,Laura Wilson,Router,5,711.51,Houston
ORD1204,2023-10-11 00:00:00,Laura Garcia,Router,7,1501.23,Chicago
ORD1205,2023-03-19 00:00:00,David Williams,Printer,7,461.47,Jacksonville
ORD1206,2024-01-17 00:00:00,Michael Smith,Monitor,7,1394.32,San Jose
ORD1207,2023-05-23 00:00:00,Jane Jones,Printer,3,1799.86,Austin
ORD1208,2023-11-17 00:00:00,Chris Johnson,Mouse,5,1616.03,Los Angeles
ORD1209,2023-11-20 00:00:00,Chris Jones,Tablet,3,840.19,San Jose
ORD1210,2023-08-23 00:00:00,Chris Miller,Mouse,7,1369.5,Jacksonville
ORD1211,2023-11-30 00:00:00,David Smith,Printer,4,1644.24,Philadelphia
ORD1212,2023-12-01 00:00:00,Jane Jones,Printer,2,1836.35,Houston
ORD1213,2023-07-29 00:00:00,Emily Miller,Laptop,2,801.16,Jacksonville
ORD1214,2023-12-14 00:00:00,Jane Moore,Keyboard,6,1075.66,Phoenix
ORD1215,2023-06-27 00:00:00,David Moore,Camera,8,712.46,San Antonio
ORD1216,2023-07-19 00:00:00,Emma Miller,Camera,5,618.72,Phoenix
ORD1217,2023-09-16 00:00:00,Sarah Moore,Tablet,2,626.56,San Diego
ORD1218,2023-09-19 00:00:00,Chris Moore,Smartphone,9,173.46,Phoenix
ORD1219,2023-11-16 00:00:00,David Johnson,Keyboard,7,298.43,San Jose
ORD1220,2023-07-29 00:00:00,Michael Smith,Laptop,6,1335.71,Los Angeles
ORD1221,2023-10-23 00:00:00,Chris Smith,Mouse,5,1992.14,Los Angeles
ORD1222,2023-11-08 00:00:00,Emma Smith,Camera,3,1781.87,Los Angeles
ORD1223,2023-02-19 00:00:00,David Moore,Smartphone,1,1697.55,Jacksonville
ORD1224,2023-11-25 00:00:00,Laura Wilson,Smartphone,9,1377.54,Los Angeles
ORD1225,2023-02-07 00:00:00,Chris Davis,Router,8,1998.52,Houston
ORD1226,2024-01-23 00:00:00,Jane Jones,Monitor,3,1452.69,San Jose
ORD1227,2023-04-12 00:00:00,John Garcia,Tablet,6,431.51,Jacksonville
ORD1228,2023-02-20 00:00:00,John Wilson,Smartphone,2,291.18,Los Angeles
ORD1229,2024-01-28 00:00:00,Chris Williams,Mouse,4,404.75,Houston
ORD1230,2023-09-27 00:00:00,Daniel Wilson,Tablet,3,1329.31,San Jose
ORD1231,2023-08-25 00:00:00,Jane Jones,Tablet,8,745.19,Los Angeles
ORD1232,2023-01-23 00:00:00,John Davis,Camera,9,945.24,San Diego
ORD1233,2023-03-31 00:00:00,Emma Williams,Tablet,6,826.74,Jacksonville
ORD1234,2023-04-16 00:00:00,Emily Johnson,Headphones,2,1951.78,San Jose
ORD1235,2023-02-09 00:00:00,Emma Jones,Tablet,2,491.83,Philadelphia
ORD1236,2023-09-05 00:00:00,Emily Moore,Tablet,3,652.32,Jacksonville
ORD1237,2023-06-18 00:00:00,Emma Smith,Smartphone,8,1284.2,Chicago
ORD1238,2024-01-24 00:00:00,Laura Miller,Router,7,1176.91,New York
ORD1239,2023-05-19 00:00:00,Michael Brown,Tablet,7,1508.67,New York
ORD1240,2023-01-10 00:00:00,Michael Moore,Smartphone,8,1174.7,Houston
ORD1241,2023-05-21 00:00:00,Daniel Smith,Camera,4,601.36,Dallas
ORD1242,2023-10-28 00:00:00,Jane Brown,Monitor,6,240.46,San Jose
ORD1243,2023-10-13 00:00:00,David Williams,Mouse,1,1020.11,San Antonio
ORD1244,2023-08-02 00:00:00,David Smith,Keyboard,2,1467.57,Phoenix
ORD1245,2023-06-15 00:00:00,Emma Smith,Mouse,1,1055.35,San Antonio
ORD1246,2023-03-26 00:00:00,Laura Moore,Monitor,8,1641.8,San Diego
ORD1247,2023-08-25 00:00:00,Emily Miller,Monitor,4,344.31,Philadelphia
ORD1248,2023-06-26 00:00:00,John Brown,Laptop,3,1758.17,Dallas
ORD1249,2023-01-30 00:00:00,Chris Williams,Mouse,7,1912.47,San Jose
ORD1250,2024-01-27 00:00:00,Laura Garcia,Camera,2,1204.68,San Jose
ORD1251,2023-05-09 00:00:00,Emma Garcia,Keyboard,9,869.93,San Antonio
ORD1252,2023-03-22 00:00:00,Laura Miller,Router,3,679.46,Los Angeles
ORD1253,2023-03-07 00:00:00,Jane Jones,Camera,9,1311.13,Austin
ORD1254,2023-11-13 00:00:00,John Miller,Laptop,1,564.31,Phoenix
ORD1255,2023-03-29 00:00:00,Chris Moore,Smartphone,3,984.12,San Jose
ORD1256,2023-04-20 00:00:00,Jane Moore,Monitor,3,1400.76,Chicago
ORD1257,2023-05-26 00:00:00,David Smith,Camera,1,1101.33,San Jose
ORD1258,2023-06-23 00:00:00,Sarah Johnson,Smartphone,1,1283.79,Dallas
ORD1259,2023-12-11 00:00:00,Emily Jones,Smartphone,4,1804.21,Los Angeles
ORD1260,2023-10-16 00:00:00,David Wilson,Monitor,1,1131.72,Jacksonville
ORD1261,2023-09-10 00:00:00,Laura Garcia,Keyboard,3,154.57,Chicago
ORD1262,2023-10-01 00:00:00,John Williams,Mouse,2,1889.35,Jacksonville
ORD1263,2024-01-31 00:00:00,Laura Williams,Tablet,4,972.45,Dallas
ORD1264,2023-03-29 00:00:00,Michael Smith,Keyboard,7,1741.61,Jacksonville
ORD1265,2023-12-03 00:00:00,Laura Brown,Keyboard,6,1064.95,Los Angeles
ORD1266,2023-04-26 00:00:00,Laura Wilson,Printer,1,1292.19,Chicago
ORD1267,2023-07-22 00:00:00,Jane Jones,Camera,8,324.58,Austin
ORD1268,2023-11-29 00:00:00,Emily Wilson,Camera,1,1982.89,Chicago
ORD1269,2023-06-05 00:00:00,Laura Miller,Laptop,9,1109.18,Los Angeles
ORD1270,2023-03-20 00:00:00,Jane Wilson,Laptop,3,1333.82,Philadelphia
ORD1271,2023-11-12 00:00:00,Michael Moore,Monitor,9,1142.77,Chicago
ORD1272,2023-11-22 00:00:00,Chris Johnson,Laptop,5,1600.7,Jacksonville
ORD1273,2023-08-05 00:00:00,Jane Moore,Mouse,9,104.37,San Diego
ORD1274,2023-11-11 00:00:00,Michael Miller,Printer,8,1337.18,San Antonio
ORD1275,2024-01-08 00:00:00,Chris Wilson,Monitor,4,143.31,Houston
ORD1276,2023-05-23 00:00:00,Daniel Davis,Tablet,7,373.31,Los Angeles
ORD1277,2023-08-22 00:00:00,Michael Miller,Headphones,4,673.38,Chicago
ORD1278,2023-04-26 00:00:00,Emily Williams,Camera,6,1880.14,Philadelphia
ORD1279,2023-10-24 00:00:00,Emily Miller,Camera,8,1714.21,New York
ORD1280,2023-08-27 00:00:00,Chris Brown,Printer,3,568.09,Houston
ORD1281,2023-06-19 00:00:00,John Davis,Router,5,1006.73,Austin
ORD1282,2023-05-12 00:00:00,Jane Wilson,Smartphone,5,1168.26,Austin
ORD1283,2023-01-01 00:00:00,Sarah Smith,Keyboard,1,1545.12,Phoenix
ORD1284,2023-03-10 00:00:00,Laura Williams,Headphones,9,1860.9,New York
ORD1285,2023-02-11 00:00:00,Jane Johnson,Monitor,1,1608.26,Houston
ORD1286,2023-09-24 00:00:00,John Smith,Router,7,939.44,Phoenix
ORD1287,2023-07-14 00:00:00,Emily Garcia,Mouse,9,909.34,San Jose
ORD1288,2023-07-13 00:00:00,Sarah Williams,Smartphone,6,156.67,Jacksonville
ORD1289,2023-05-10 00:00:00,Daniel Williams,Mouse,2,1879.21,Dallas
ORD1290,2023-07-23 00:00:00,John Williams,Keyboard,2,881.27,Jacksonville
ORD1291,2023-09-08 00:00:00,Jane Davis,Laptop,7,64.92,San Antonio
ORD1292,2023-12-01 00:00:00,Chris Jones,Smartphone,8,110.58,San Diego
ORD1293,2023-04-27 00:00:00,David Smith,Tablet,3,916.59,Phoenix
ORD1294,2023-10-09 00:00:00,Emily Davis,Smartphone,7,831.78,San Antonio
ORD1295,2023-12-06 00:00:00,Daniel Williams,Headphones,7,553.7,Philadelphia
ORD1296,2023-08-16 00:00:00,Laura Wilson,Camera,8,1999.17,Phoenix
ORD1297,2023-10-31 00:00:00,Chris Davis,Laptop,1,1226.3,Los Angeles
ORD1298,2024-01-26 00:00:00,Jane Moore,Tablet,3,1453.52,Chicago
ORD1299,2023-03-28 00:00:00,David Williams,Monitor,4,1832.34,Philadelphia
ORD1300,2023-09-18 00:00:00,David Williams,Router,3,664.9,Los Angeles
ORD1301,2023-08-27 00:00:00,Michael Miller,Tablet,2,1888.1,Chicago
ORD1302,2023-04-02 00:00:00,David Moore,Printer,3,1672.84,San Antonio
ORD1303,2023-06-28 00:00:00,Daniel Miller,Headphones,3,1779.55,New York
ORD1304,2023-01-02 00:00:00,Jane Garcia,Smartphone,7,1762.02,Los Angeles
ORD1305,2023-01-03 00:00:00,Emily Smith,Tablet,5,1410.01,Jacksonville
ORD1306,2023-11-27 00:00:00,Emma Johnson,Laptop,8,185.74,Phoenix
ORD1307,2023-10-07 00:00:00,Chris Garcia,Tablet,7,401.72,Chicago
ORD1308,2023-04-20 00:00:00,Sarah Jones,Laptop,3,207.96,San Diego
ORD1309,2023-01-02 00:00:00,John Moore,Mouse,2,155.94,New York
ORD1310,2023-08-20 00:00:00,Chris Brown,Keyboard,4,597.87,Jacksonville
ORD1311,2023-04-24 00:00:00,Sarah Davis,Printer,9,279.7,Houston
ORD1312,2023-10-19 00:00:00,Laura Miller,Headphones,9,1223.14,Austin
ORD1313,2023-02-15 00:00:00,Emma Jones,Camera,4,653.07,Chicago
ORD1314,2023-12-21 00:00:00,John Wilson,Smartphone,7,1923.19,Los Angeles
ORD1315,2023-06-05 00:00:00,Sarah Davis,Camera,2,1903.54,Chicago
ORD1316,2023-04-26 00:00:00,John Garcia,Keyboard,1,785.75,Houston
ORD1317,2023-05-01 00:00:00,John Jones,Laptop,3,145.03,Philadelphia
ORD1318,2023-02-23 00:00:00,Daniel Smith,Smartphone,2,117.9,Houston
ORD1319,2023-12-11 00:00:00,Michael Williams,Laptop,9,1467.52,New York
ORD1320,2023-07-11 00:00:00,Sarah Smith,Mouse,7,1201.86,San Jose
ORD1321,2024-01-12 00:00:00,Laura Moore,Router,5,767.63,Phoenix
ORD1322,2023-12-25 00:00:00,Sarah Brown,Laptop,5,1786.28,Phoenix
ORD1323,2023-12-06 00:00:00,Michael Miller,Mouse,4,580.63,New York
ORD1324,2023-12-18 00:00:00,Chris Smith,Smartphone,1,354.83,Chicago
ORD1325,2023-02-23 00:00:00,John Moore,Printer,7,1714,Dallas
ORD1326,2023-10-01 00:00:00,Michael Williams,Printer,1,1956.65,Austin
ORD1327,2023-05-01 00:00:00,Emily Miller,Headphones,9,1731.93,Houston
ORD1328,2023-09-12 00:00:00,Emma Miller,Smartphone,3,1318.86,Los Angeles
ORD1329,2023-07-18 00:00:00,Emma Johnson,Mouse,4,1672.74,San Jose
ORD1330,2023-01-12 00:00:00,Emma Johnson,Headphones,9,1983.91,Philadelphia
ORD1331,2024-01-19 00:00:00,John Garcia,Monitor,2,1779.4,San Jose
ORD1332,2023-06-10 00:00:00,Daniel Smith,Camera,7,401.31,San Antonio
ORD1333,2023-09-19 00:00:00,Daniel Jones,Mouse,1,1822.61,San Jose
ORD1334,2023-11-16 00:00:00,Sarah Garcia,Mouse,3,505.89,San Diego
ORD1335,2023-01-06 00:00:00,John Davis,Monitor,6,1528.13,San Diego
ORD1336,2023-07-27 00:00:00,Emma Wilson,Tablet,9,415.09,Austin
ORD1337,2023-10-10 00:00:00,David Johnson,Smartphone,6,583.78,Jacksonville
ORD1338,2023-11-17 00:00:00,John Garcia,Keyboard,5,458.63,Phoenix
ORD1339,2023-03-22 00:00:00,Emma Wilson,Camera,2,1037.14,Dallas
ORD1340,2023-02-27 00:00:00,David Brown,Smartphone,1,1525.24,Austin
ORD1341,2023-11-02 00:00:00,John Miller,Router,2,1004.85,San Jose
ORD1342,2023-04-10 00:00:00,Emma Miller,Monitor,7,922.41,Jacksonville
ORD1343,2024-01-22 00:00:00,Emily Smith,Headphones,3,410.25,Jacksonville
ORD1344,2023-12-05 00:00:00,Emily Jones,Printer,4,680.64,Chicago
ORD1345,2023-04-05 00:00:00,Emily Wilson,Smartphone,3,402.15,Dallas
ORD1346,2023-05-14 00:00:00,Emma Moore,Keyboard,8,870.87,Dallas
ORD1347,2023-08-11 00:00:00,Emma Miller,Laptop,7,231.82,Chicago
ORD1348,2023-03-14 00:00:00,Emma Smith,Printer,4,977.97,New York
ORD1349,2024-01-09 00:00:00,Chris Jones,Camera,5,1631.65,San Jose
ORD1350,2023-01-08 00:00:00,David Johnson,Laptop,4,148.65,Jacksonville
ORD1351,2023-08-15 00:00:00,Emily Smith,Camera,1,1781.41,Houston
ORD1352,2024-01-17 00:00:00,Laura Davis,Laptop,3,1213.88,Philadelphia
ORD1353,2023-08-09 00:00:00,Chris Smith,Keyboard,2,75.13,Jacksonville
ORD1354,2023-01-15 00:00:00,Sarah Smith,Monitor,3,1739.36,Houston
ORD1355,2023-04-04 00:00:00,Chris Johnson,Printer,1,1757.4,Phoenix
ORD1356,2023-03-27 00:00:00,Sarah Miller,Keyboard,6,397.04,New York
ORD1357,2023-02-12 00:00:00,Emma Williams,Headphones,1,319.56,Philadelphia
ORD1358,2023-09-08 00:00:00,Daniel Jones,Laptop,1,1433.64,Los Angeles
ORD1359,2023-11-23 00:00:00,Emma Smith,Camera,8,1878.04,Phoenix
ORD1360,2023-07-13 00:00:00,Emma Moore,Mouse,8,877.85,New York
ORD1361,2023-06-11 00:00:00,David Jones,Camera,6,1273,San Diego
ORD1362,2023-11-14 00:00:00,Daniel Jones,Monitor,2,1516.06,Houston
ORD1363,2023-01-28 00:00:00,Emily Wilson,Camera,8,376.46,Jacksonville
ORD1364,2023-04-05 00:00:00,Sarah Jones,Mouse,7,1538.3,Philadelphia
ORD1365,2023-09-11 00:00:00,Laura Davis,Mouse,1,1596.41,New York
ORD1366,2023-07-07 00:00:00,Michael Moore,Printer,7,480.74,Los Angeles
ORD1367,2023-04-17 00:00:00,Michael Wilson,Router,2,1148.62,Philadelphia
ORD1368,2023-09-01 00:00:00,Emma Smith,Smartphone,4,1874.97,Chicago
ORD1369,2023-03-04 00:00:00,Michael Garcia,Mouse,8,1752.19,Los Angeles
ORD1370,2023-09-03 00:00:00,Sarah Johnson,Keyboard,3,1436.53,San Jose
ORD1371,2023-11-01 00:00:00,Chris Williams,Printer,8,934.9,Los Angeles
ORD1372,2023-08-11 00:00:00,Sarah Wilson,Printer,9,1323.32,San Jose
ORD1373,2023-02-04 00:00:00,John Williams,Camera,5,1277.78,San Jose
ORD1374,2023-02-10 00:00:00,Emma Jones,Mouse,4,177.04,San Diego
ORD1375,2023-11-19 00:00:00,Sarah Wilson,Monitor,3,934.87,New York
ORD1376,2023-02-26 00:00:00,Emily Davis,Tablet,9,1504.6,Houston
ORD1377,2023-09-08 00:00:00,Emily Miller,Printer,9,1606.03,Los Angeles
ORD1378,2023-09-08 00:00:00,Daniel Moore,Printer,2,717.85,Chicago
ORD1379,2023-05-17 00:00:00,John Miller,Camera,5,840.74,Houston
ORD1380,2024-01-31 00:00:00,Emily Wilson,Router,3,311.86,Phoenix
ORD1381,2023-04-29 00:00:00,Jane Wilson,Camera,7,1925.64,Jacksonville
ORD1382,2023-04-23 00:00:00,Jane Smith,Headphones,1,956.31,Austin
ORD1383,2023-03-07 00:00:00,Emma Johnson,Mouse,2,1527.37,Houston
ORD1384,2023-07-15 00:00:00,David Smith,Printer,3,713.01,Los Angeles
ORD1385,2023-12-25 00:00:00,David Johnson,Router,4,1366.97,Chicago
ORD1386,2023-07-03 00:00:00,Laura Williams,Printer,7,141.74,San Jose
ORD1387,2023-08-05 00:00:00,Laura Davis,Tablet,8,1309.92,New York
ORD1388,2023-09-21 00:00:00,Emily Miller,Mouse,3,199.39,Jacksonville
ORD1389,2023-10-19 00:00:00,Michael Williams,Laptop,7,1083.36,Houston
ORD1390,2023-05-15 00:00:00,Emily Jones,Printer,5,222.97,Houston
ORD1391,2023-06-19 00:00:00,Laura Williams,Headphones,6,1417.85,Chicago
ORD1392,2023-10-25 00:00:00,Emma Moore,Headphones,2,1495.2,Chicago
ORD1393,2023-03-09 00:00:00,Jane Johnson,Keyboard,9,664.44,Phoenix
ORD1394,2023-04-19 00:00:00,Michael Davis,Keyboard,8,762.81,Houston
ORD1395,2023-11-11 00:00:00,John Smith,Mouse,7,1153.86,Philadelphia
ORD1396,2023-10-01 00:00:00,Emma Wilson,Laptop,7,1965.58,San Diego
ORD1397,2023-10-13 00:00:00,Sarah Williams,Keyboard,4,485.68,Houston
ORD1398,2023-02-07 00:00:00,David Smith,Keyboard,5,1521.64,Phoenix
ORD1399,2023-02-01 00:00:00,Michael Miller,Tablet,5,1877.11,Jacksonville
ORD1400,2023-08-24 00:00:00,David Jones,Monitor,8,1446.63,Austin
ORD1401,2023-12-31 00:00:00,Jane Johnson,Headphones,4,1736.33,Jacksonville
ORD1402,2023-03-10 00:00:00,Emily Davis,Monitor,9,1351.38,New York
ORD1403,2023-01-23 00:00:00,David Jones,Keyboard,5,1120.93,Austin
ORD1404,2023-01-27 00:00:00,Emma Smith,Keyboard,7,1413.01,Austin
ORD1405,2023-03-04 00:00:00,Emma Johnson,Monitor,5,415.86,Austin
ORD1406,2023-06-30 00:00:00,Emily Williams,Keyboard,8,322.3,Jacksonville
ORD1407,2023-08-29 00:00:00,Sarah Johnson,Tablet,4,1672.07,New York
ORD1408,2023-07-14 00:00:00,Chris Smith,Laptop,3,942.6,Dallas
ORD1409,2023-05-31 00:00:00,Laura Smith,Headphones,5,1027.06,San Antonio
ORD1410,2023-09-29 00:00:00,Chris Smith,Router,6,916.97,San Diego
ORD1411,2023-01-19 00:00:00,Emily Johnson,Mouse,5,697.63,San Antonio
ORD1412,2023-02-22 00:00:00,Sarah Smith,Router,6,1294.24,Phoenix
ORD1413,2023-12-09 00:00:00,Emily Jones,Headphones,9,201.5,Los Angeles
ORD1414,2023-04-01 00:00:00,Chris Wilson,Keyboard,3,464.1,Austin
ORD1415,2023-06-09 00:00:00,Daniel Moore,Router,9,1687.09,Los Angeles
ORD1416,2023-11-15 00:00:00,Michael Moore,Monitor,1,1375.85,San Jose
ORD1417,2023-03-11 00:00:00,Sarah Miller,Mouse,9,957.09,San Diego
ORD1418,2023-11-20 00:00:00,Emma Miller,Router,1,831.87,Dallas
ORD1419,2024-01-27 00:00:00,Emily Brown,Laptop,4,286.78,Los Angeles
ORD1420,2023-11-15 00:00:00,Chris Moore,Router,3,1322.42,Phoenix
ORD1421,2023-05-13 00:00:00,Emma Miller,Mouse,7,863.54,Dallas
ORD1422,2023-08-30 00:00:00,Chris Johnson,Keyboard,8,435.92,Houston
ORD1423,2023-04-01 00:00:00,Chris Jones,Keyboard,2,210.92,Los Angeles
ORD1424,2023-12-09 00:00:00,John Williams,Printer,3,1823.12,Chicago
ORD1425,2023-06-12 00:00:00,Chris Brown,Keyboard,3,607.28,Jacksonville
ORD1426,2023-09-04 00:00:00,Emma Jones,Printer,6,1074.76,Houston
ORD1427,2023-07-03 00:00:00,John Miller,Keyboard,3,1539.68,Dallas
ORD1428,2023-06-09 00:00:00,Laura Moore,Headphones,2,1511.18,Dallas
ORD1429,2023-03-24 00:00:00,Daniel Williams,Keyboard,7,501.37,Houston
ORD1430,2023-10-12 00:00:00,Laura Miller,Camera,2,95.31,San Jose
ORD1431,2023-05-02 00:00:00,Laura Brown,Printer,7,1844.81,Chicago
ORD1432,2023-06-11 00:00:00,John Davis,Headphones,5,1313.82,San Jose
ORD1433,2023-03-15 00:00:00,Emma Wilson,Monitor,5,1423.01,San Antonio
ORD1434,2023-05-11 00:00:00,Michael Garcia,Laptop,2,1141.92,Dallas
ORD1435,2023-01-20 00:00:00,Michael Smith,Laptop,6,213.52,Dallas
ORD1436,2024-01-12 00:00:00,Daniel Williams,Keyboard,4,626.85,Philadelphia
ORD1437,2023-03-22 00:00:00,Emma Jones,Tablet,2,383.4,Dallas
ORD1438,2023-06-14 00:00:00,Jane Moore,Monitor,8,514.79,Phoenix
ORD1439,2023-02-26 00:00:00,Michael Jones,Tablet,9,1513.83,Dallas
ORD1440,2023-11-08 00:00:00,Emily Jones,Monitor,7,833.91,Chicago
ORD1441,2023-03-11 00:00:00,David Johnson,Router,9,174.73,Jacksonville
ORD1442,2023-01-12 00:00:00,David Johnson,Router,5,1483.32,Dallas
ORD1443,2023-03-12 00:00:00,Emily Smith,Mouse,9,222.81,Chicago
ORD1444,2023-01-23 00:00:00,Sarah Davis,Mouse,4,290.45,Houston
ORD1445,2023-08-21 00:00:00,Chris Williams,Headphones,7,1317.72,San Jose
ORD1446,2023-05-12 00:00:00,John Brown,Router,3,783.5,Philadelphia
ORD1447,2023-10-03 00:00:00,Emily Davis,Tablet,3,1478.72,San Antonio
ORD1448,2023-01-09 00:00:00,Daniel Brown,Monitor,9,1238.54,Philadelphia
ORD1449,2023-10-10 00:00:00,Emma Williams,Router,2,685.67,Dallas
ORD1450,2023-08-11 00:00:00,Emma Davis,Camera,9,1367.31,San Diego
ORD1451,2023-08-07 00:00:00,Chris Miller,Mouse,6,1818.43,Dallas
ORD1452,2023-08-10 00:00:00,Emma Johnson,Keyboard,2,903.87,Los Angeles
ORD1453,2023-02-10 00:00:00,Laura Wilson,Headphones,5,182.72,Dallas
ORD1454,2023-05-10 00:00:00,Sarah Brown,Monitor,1,1382.54,Dallas
ORD1455,2023-12-02 00:00:00,David Garcia,Monitor,3,1040.71,Philadelphia
ORD1456,2023-04-02 00:00:00,Daniel Brown,Camera,9,1098.07,Jacksonville
ORD1457,2023-01-17 00:00:00,Michael Smith,Tablet,9,776.7,Houston
ORD1458,2023-12-08 00:00:00,Daniel Garcia,Printer,1,1402.92,Houston
ORD1459,2023-09-20 00:00:00,Sarah Wilson,Laptop,6,827.75,Chicago
ORD1460,2024-01-30 00:00:00,Michael Wilson,Headphones,4,1842.02,Jacksonville
ORD1461,2023-12-22 00:00:00,Michael Smith,Printer,3,231.29,San Diego
ORD1462,2023-02-15 00:00:00,John Garcia,Printer,1,704.4,Chicago
ORD1463,2023-04-17 00:00:00,David Wilson,Keyboard,2,1297.99,Los Angeles
ORD1464,2023-05-07 00:00:00,Michael Brown,Router,1,830.86,Phoenix
ORD1465,2023-11-17 00:00:00,Laura Garcia,Laptop,6,856.81,San Diego
ORD1466,2023-01-02 00:00:00,Emily Wilson,Router,8,318.33,Jacksonville
ORD1467,2023-07-24 00:00:00,Emma Davis,Keyboard,5,1645.65,Austin
ORD1468,2023-02-17 00:00:00,John Jones,Router,1,1035.9,Chicago
ORD1469,2023-10-27 00:00:00,Sarah Smith,Monitor,9,1610.27,San Diego
ORD1470,2023-08-10 00:00:00,Laura Johnson,Laptop,7,1085.71,New York
ORD1471,2023-11-07 00:00:00,Jane Davis,Monitor,9,718.15,Austin
ORD1472,2023-06-01 00:00:00,Laura Jones,Router,2,147.45,Chicago
ORD1473,2023-04-27 00:00:00,Daniel Brown,Printer,4,200.63,Jacksonville
ORD1474,2023-07-28 00:00:00,Michael Moore,Laptop,1,1966.66,San Jose
ORD1475,2023-08-01 00:00:00,David Jones,Tablet,6,1597.96,New York
ORD1476,2024-01-19 00:00:00,Michael Jones,Tablet,4,154.28,Dallas
ORD1477,2023-12-31 00:00:00,Laura Johnson,Printer,1,1154.7,New York
ORD1478,2023-11-21 00:00:00,Emma Miller,Smartphone,8,1023.25,Dallas
ORD1479,2023-08-15 00:00:00,Jane Jones,Camera,6,1144.84,San Diego
ORD1480,2023-04-13 00:00:00,David Davis,Printer,6,893.03,Philadelphia
ORD1481,2023-03-08 00:00:00,Chris Smith,Headphones,1,1474.61,San Antonio
ORD1482,2023-11-03 00:00:00,David Jones,Headphones,6,1481.42,San Jose
ORD1483,2023-01-03 00:00:00,Jane Jones,Smartphone,2,475.4,San Diego
ORD1484,2023-12-06 00:00:00,Emma Garcia,Router,5,1759.52,Houston
ORD1485,2023-12-03 00:00:00,Laura Brown,Laptop,4,823.4,Chicago
ORD1486,2023-12-20 00:00:00,Chris Miller,Headphones,4,1731.72,New York
ORD1487,2023-01-28 00:00:00,Jane Brown,Monitor,3,663.34,Los Angeles
ORD1488,2023-03-02 00:00:00,Jane Johnson,Keyboard,9,1610.03,Jacksonville
ORD1489,2023-05-15 00:00:00,Emily Garcia,Mouse,1,145.36,Chicago
ORD1490,2023-02-16 00:00:00,David Moore,Keyboard,7,1911.7,San Antonio
ORD1491,2023-01-15 00:00:00,Emily Jones,Laptop,1,1263.74,Chicago
ORD1492,2023-10-06 00:00:00,Emily Smith,Tablet,7,1957.48,San Diego
ORD1493,2023-06-05 00:00:00,Michael Davis,Keyboard,1,561.88,Houston
ORD1494,2023-07-21 00:00:00,John Smith,Tablet,6,584.37,Philadelphia
ORD1495,2023-08-14 00:00:00,Emma Brown,Camera,9,1608.16,Chicago
ORD1496,2023-06-26 00:00:00,Chris Brown,Tablet,2,1849.35,Philadelphia
ORD1497,2023-09-20 00:00:00,David Garcia,Tablet,6,1594.31,Phoenix
ORD1498,2023-05-20 00:00:00,Michael Brown,Headphones,5,1037.46,San Antonio
ORD1499,2023-12-29 00:00:00,Chris Garcia,Smartphone,1,1224.61,Dallas
ORD1500,2023-10-16 00:00:00,Sarah Brown,Smartphone,6,954.15,Philadelphia
ORD1501,2023-03-20 00:00:00,Daniel Wilson,Smartphone,5,494.63,San Diego
ORD1502,2023-01-31 00:00:00,Sarah Davis,Mouse,4,435.21,Chicago
ORD1503,2023-04-28 00:00:00,Daniel Miller,Keyboard,3,144.31,Phoenix
ORD1504,2023-07-13 00:00:00,Michael Davis,Monitor,2,189.77,New York
ORD1505,2023-04-02 00:00:00,Laura Davis,Router,8,1463.55,Jacksonville
ORD1506,2023-07-29 00:00:00,Daniel Wilson,Headphones,5,339.09,Dallas
ORD1507,2023-03-19 00:00:00,John Jones,Printer,1,735.7,Phoenix
ORD1508,2023-04-17 00:00:00,Sarah Moore,Router,4,452.21,Austin
ORD1509,2024-01-31 00:00:00,John Davis,Camera,4,843.48,San Diego
ORD1510,2023-01-13 00:00:00,David Moore,Printer,2,1689.14,San Diego
ORD1511,2023-05-17 00:00:00,Emma Wilson,Headphones,4,150.46,Austin
ORD1512,2023-12-07 00:00:00,David Williams,Smartphone,2,535.23,Los Angeles
ORD1513,2023-06-28 00:00:00,Emma Moore,Tablet,8,954.97,Philadelphia
ORD1514,2023-11-22 00:00:00,Emma Brown,Tablet,7,182.67,San Antonio
ORD1515,2023-05-20 00:00:00,Laura Davis,Mouse,8,657.71,San Diego
ORD1516,2023-07-13 00:00:00,Emma Wilson,Monitor,2,1549.76,San Antonio
ORD1517,2023-06-30 00:00:00,Sarah Garcia,Monitor,7,1363.15,Phoenix
ORD1518,2023-05-10 00:00:00,John Garcia,Mouse,6,599.35,New York
ORD1519,2023-07-06 00:00:00,Michael Brown,Camera,1,1960.59,Phoenix
ORD1520,2023-07-11 00:00:00,John Williams,Headphones,1,1976.66,Dallas
ORD1521,2023-08-21 00:00:00,Sarah Johnson,Router,2,418.81,San Diego
ORD1522,2023-05-11 00:00:00,Emma Miller,Monitor,6,193.26,New York
ORD1523,2023-06-19 00:00:00,David Jones,Keyboard,2,968.05,Austin
ORD1524,2023-12-12 00:00:00,David Brown,Keyboard,4,1697.55,New York
ORD1525,2023-01-22 00:00:00,Daniel Garcia,Router,5,784.71,Chicago
ORD1526,2023-09-09 00:00:00,John Williams,Monitor,6,293.12,Phoenix
ORD1527,2023-01-12 00:00:00,Emma Smith,Laptop,4,665.26,San Antonio
ORD1528,2023-01-06 00:00:00,David Brown,Printer,5,704.58,Philadelphia
ORD1529,2023-10-23 00:00:00,David Moore,Monitor,6,256.68,San Jose
ORD1530,2023-11-07 00:00:00,John Wilson,Router,8,80.27,Philadelphia
ORD1531,2023-10-04 00:00:00,David Brown,Camera,4,405.64,Dallas
ORD1532,2023-12-03 00:00:00,Jane Jones,Camera,6,1314.67,Chicago
ORD1533,2023-01-18 00:00:00,Laura Moore,Mouse,7,1847.33,Houston
ORD1534,2023-03-08 00:00:00,Daniel Miller,Keyboard,6,249.27,Dallas
ORD1535,2023-02-15 00:00:00,Laura Moore,Router,8,485.31,Dallas
ORD1536,2024-01-05 00:00:00,Jane Johnson,Headphones,1,1893.5,San Diego
ORD1537,2023-07-11 00:00:00,Sarah Davis,Smartphone,4,281.05,Philadelphia
ORD1538,2023-03-21 00:00:00,David Garcia,Mouse,6,979.55,Houston
ORD1539,2023-11-07 00:00:00,John Williams,Camera,9,622.13,Phoenix
ORD1540,2023-12-02 00:00:00,Daniel Smith,Mouse,5,1665.9,Los Angeles
ORD1541,2023-03-23 00:00:00,Daniel Smith,Mouse,2,263.48,San Jose
ORD1542,2023-11-12 00:00:00,John Davis,Printer,6,1551.63,Houston
ORD1543,2023-02-12 00:00:00,Emily Moore,Camera,4,456.26,San Jose
ORD1544,2023-01-23 00:00:00,Chris Davis,Camera,2,1990.53,San Diego
ORD1545,2023-02-03 00:00:00,Laura Moore,Keyboard,9,442.4,Philadelphia
ORD1546,2023-04-30 00:00:00,Jane Miller,Headphones,2,884.4,Philadelphia
ORD1547,2023-06-16 00:00:00,Emily Miller,Mouse,9,369.43,Chicago
ORD1548,2023-11-19 00:00:00,David Miller,Router,2,1067.34,Dallas
ORD1549,2023-12-18 00:00:00,Daniel Smith,Printer,7,1909.49,New York
ORD1550,2024-01-22 00:00:00,Emma Wilson,Keyboard,6,1947.21,New York
ORD1551,2023-12-26 00:00:00,David Miller,Camera,7,1607.67,Chicago
ORD1552,2023-02-18 00:00:00,Daniel Davis,Keyboard,5,1175.15,Dallas
ORD1553,2023-09-24 00:00:00,Daniel Smith,Router,6,1289.86,San Diego
ORD1554,2023-04-24 00:00:00,Sarah Johnson,Smartphone,2,1982.62,Phoenix
ORD1555,2023-02-03 00:00:00,Emily Davis,Keyboard,5,1604.89,Phoenix
ORD1556,2023-02-03 00:00:00,Emily Moore,Monitor,2,709.04,San Jose
ORD1557,2023-08-03 00:00:00,Michael Wilson,Router,5,1488.22,Chicago
ORD1558,2023-08-10 00:00:00,Emily Jones,Printer,4,1462.62,New York
ORD1559,2023-08-01 00:00:00,John Davis,Mouse,6,382.87,San Antonio
ORD1560,2023-12-31 00:00:00,David Moore,Mouse,3,1043.07,Houston
ORD1561,2023-10-14 00:00:00,Emma Johnson,Laptop,2,1008.25,New York
ORD1562,2023-05-30 00:00:00,Jane Jones,Camera,8,1712.15,Los Angeles
ORD1563,2023-11-27 00:00:00,Emma Brown,Router,6,1935.63,San Antonio
ORD1564,2023-02-04 00:00:00,John Williams,Tablet,9,1172.08,Los Angeles
ORD1565,2023-12-16 00:00:00,Sarah Johnson,Laptop,3,932.05,New York
ORD1566,2023-08-13 00:00:00,Sarah Wilson,Tablet,1,282.09,Phoenix
ORD1567,2023-01-25 00:00:00,Emily Garcia,Monitor,2,157,San Jose
ORD1568,2024-01-25 00:00:00,Laura Brown,Keyboard,6,754.02,Chicago
ORD1569,2023-09-16 00:00:00,Daniel Miller,Headphones,6,520.46,San Diego
ORD1570,2023-03-17 00:00:00,Chris Wilson,Keyboard,6,884.09,Houston
ORD1571,2023-09-06 00:00:00,Michael Miller,Router,7,277.08,San Diego
ORD1572,2023-10-05 00:00:00,Laura Wilson,Camera,5,1770.79,Phoenix
ORD1573,2024-01-17 00:00:00,Jane Johnson,Mouse,2,336.56,Dallas
ORD1574,2023-02-12 00:00:00,John Moore,Printer,6,609.29,San Diego
ORD1575,2023-06-13 00:00:00,Chris Moore,Smartphone,3,1141.64,New York
ORD1576,2023-06-21 00:00:00,Michael Davis,Camera,8,319.3,Los Angeles
ORD1577,2023-07-22 00:00:00,Chris Moore,Laptop,1,194.31,San Jose
ORD1578,2023-10-17 00:00:00,Jane Wilson,Smartphone,2,1010.05,Chicago
ORD1579,2023-03-10 00:00:00,Michael Moore,Smartphone,7,69.85,Chicago
ORD1580,2023-12-20 00:00:00,Chris Davis,Laptop,6,1401.58,San Antonio
ORD1581,2023-01-07 00:00:00,Daniel Johnson,Printer,5,865.83,Philadelphia
ORD1582,2023-03-11 00:00:00,Emma Smith,Tablet,8,1152.84,San Antonio
ORD1583,2023-04-18 00:00:00,Michael Davis,Printer,3,660.23,Los Angeles
ORD1584,2024-01-07 00:00:00,Emma Johnson,Laptop,4,164.66,Jacksonville
ORD1585,2023-12-05 00:00:00,David Miller,Router,6,902.52,San Jose
ORD1586,2023-09-11 00:00:00,John Johnson,Tablet,9,496.76,Chicago
ORD1587,2024-01-20 00:00:00,Emma Jones,Printer,1,1846.06,Jacksonville
ORD1588,2023-04-17 00:00:00,Chris Miller,Laptop,5,1217.26,Chicago
ORD1589,2023-03-11 00:00:00,David Wilson,Laptop,6,972.45,Jacksonville
ORD1590,2023-08-12 00:00:00,Daniel Smith,Headphones,3,1046.17,San Antonio
ORD1591,2023-12-11 00:00:00,Emma Wilson,Tablet,7,1568.44,Jacksonville
ORD1592,2024-01-25 00:00:00,Jane Williams,Mouse,3,125.95,Phoenix
ORD1593,2023-06-30 00:00:00,Laura Brown,Smartphone,5,536.04,Los Angeles
ORD1594,2023-05-25 00:00:00,David Johnson,Laptop,9,1614.78,Chicago
ORD1595,2023-02-22 00:00:00,David Garcia,Tablet,4,1282.7,San Antonio
ORD1596,2023-06-04 00:00:00,Chris Brown,Headphones,4,1369.59,San Jose
ORD1597,2023-10-15 00:00:00,Chris Smith,Router,1,1974.55,Los Angeles
ORD1598,2023-08-19 00:00:00,David Jones,Smartphone,6,931.27,Houston
ORD1599,2023-07-11 00:00:00,David Brown,Mouse,9,1745.96,New York
ORD1600,2023-04-23 00:00:00,Chris Moore,Laptop,4,1148.88,San Antonio
ORD1601,2023-12-29 00:00:00,Jane Miller,Tablet,2,1921.64,Austin
ORD1602,2023-09-15 00:00:00,Emma Moore,Tablet,9,811.36,Chicago
ORD1603,2023-05-20 00:00:00,Laura Moore,Camera,2,806.74,Chicago
ORD1604,2024-01-18 00:00:00,Michael Johnson,Keyboard,8,1677.69,San Diego
ORD1605,2023-04-17 00:00:00,Daniel Wilson,Printer,8,1661.92,Dallas
ORD1606,2023-08-01 00:00:00,Jane Moore,Router,9,397.11,Phoenix
ORD1607,2024-01-05 00:00:00,Sarah Williams,Tablet,6,721.23,Phoenix
ORD1608,2024-01-28 00:00:00,Emily Williams,Laptop,3,1665.78,Chicago
ORD1609,2023-11-27 00:00:00,John Johnson,Router,2,115.4,Houston
ORD1610,2023-09-03 00:00:00,Jane Williams,Printer,5,1992.34,Phoenix
ORD1611,2023-07-31 00:00:00,Emily Miller,Headphones,8,492.3,Dallas
ORD1612,2023-07-20 00:00:00,Michael Johnson,Camera,2,774.42,Philadelphia
ORD1613,2023-06-23 00:00:00,Michael Wilson,Headphones,3,164.05,San Diego
ORD1614,2023-02-26 00:00:00,John Davis,Tablet,5,193.52,San Antonio
ORD1615,2023-04-10 00:00:00,Emily Miller,Keyboard,1,663.64,Dallas
ORD1616,2023-03-30 00:00:00,Laura Jones,Router,2,1258.11,San Jose
ORD1617,2023-11-30 00:00:00,John Jones,Monitor,5,547.42,Austin
ORD1618,2023-10-10 00:00:00,Jane Smith,Laptop,9,1085.46,Jacksonville
ORD1619,2023-04-15 00:00:00,Daniel Miller,Laptop,7,1659.99,San Diego
ORD1620,2023-01-12 00:00:00,Michael Williams,Laptop,6,826.13,San Antonio
ORD1621,2023-05-03 00:00:00,Jane Moore,Camera,2,717.96,Philadelphia
ORD1622,2023-08-24 00:00:00,Laura Moore,Printer,2,1313.72,San Antonio
ORD1623,2023-04-13 00:00:00,Emma Williams,Printer,5,1539.81,New York
ORD1624,2023-01-16 00:00:00,Michael Williams,Smartphone,6,1594.6,Los Angeles
ORD1625,2023-04-07 00:00:00,Jane Smith,Mouse,1,1151.34,Philadelphia
ORD1626,2023-01-24 00:00:00,Emily Davis,Keyboard,9,1927.9,Phoenix
ORD1627,2023-03-23 00:00:00,Jane Brown,Camera,7,774.87,San Jose
ORD1628,2023-08-18 00:00:00,Sarah Garcia,Headphones,9,170.98,Houston
ORD1629,2023-01-29 00:00:00,David Garcia,Headphones,8,1367.41,Jacksonville
ORD1630,2023-03-24 00:00:00,David Brown,Smartphone,5,1526.57,Los Angeles
ORD1631,2023-01-16 00:00:00,John Wilson,Laptop,6,1544.21,Jacksonville
ORD1632,2023-09-11 00:00:00,Laura Williams,Camera,8,240.08,Chicago
ORD1633,2023-06-16 00:00:00,John Garcia,Headphones,6,65.32,Philadelphia
ORD1634,2023-06-24 00:00:00,John Smith,Headphones,9,1280.33,San Jose
ORD1635,2023-12-07 00:00:00,Sarah Johnson,Tablet,6,79.98,Houston
ORD1636,2024-01-22 00:00:00,Emma Brown,Keyboard,2,403.63,San Diego
ORD1637,2023-01-28 00:00:00,Jane Smith,Router,3,1245.39,Jacksonville
ORD1638,2023-07-03 00:00:00,Sarah Miller,Printer,8,282.9,San Diego
ORD1639,2023-03-11 00:00:00,Michael Moore,Printer,9,1876.6,San Jose
ORD1640,2023-09-07 00:00:00,David Davis,Camera,9,1464.02,Philadelphia
ORD1641,2023-07-13 00:00:00,Emily Davis,Monitor,9,429.43,Austin
ORD1642,2023-07-21 00:00:00,John Wilson,Tablet,6,1149.78,Chicago
ORD1643,2023-10-10 00:00:00,Michael Wilson,Tablet,7,1651.05,San Jose
ORD1644,2023-01-01 00:00:00,Michael Wilson,Monitor,6,1674.59,Jacksonville
ORD1645,2023-06-21 00:00:00,Michael Davis,Mouse,3,273.48,Austin
ORD1646,2023-06-09 00:00:00,Michael Davis,Keyboard,1,1002.11,Phoenix
ORD1647,2023-07-22 00:00:00,Sarah Davis,Monitor,1,1199.37,Houston
ORD1648,2023-11-21 00:00:00,David Johnson,Smartphone,4,1000.83,Houston
ORD1649,2023-07-02 00:00:00,Sarah Miller,Router,3,432.02,Los Angeles
ORD1650,2023-07-18 00:00:00,Jane Garcia,Printer,6,1683.22,San Jose
ORD1651,2023-05-13 00:00:00,Sarah Miller,Printer,6,426.22,Phoenix
ORD1652,2023-12-09 00:00:00,Emma Moore,Router,8,722.97,San Jose
ORD1653,2023-09-12 00:00:00,David Smith,Headphones,7,555.03,San Jose
ORD1654,2024-01-03 00:00:00,Michael Brown,Camera,5,1476.27,New York
ORD1655,2023-02-16 00:00:00,David Davis,Monitor,6,284.6,Philadelphia
ORD1656,2023-04-03 00:00:00,Emma Wilson,Camera,4,930.62,Jacksonville
ORD1657,2023-03-26 00:00:00,Jane Smith,Monitor,5,127.18,Philadelphia
ORD1658,2023-07-12 00:00:00,Chris Miller,Mouse,9,51.42,San Jose
ORD1659,2023-08-31 00:00:00,Michael Moore,Headphones,7,172.01,Dallas
ORD1660,2023-12-29 00:00:00,Laura Brown,Monitor,2,1253.83,Chicago
ORD1661,2023-08-25 00:00:00,Emily Jones,Mouse,9,634.81,Jacksonville
ORD1662,2023-09-25 00:00:00,Chris Brown,Mouse,5,1070.17,Jacksonville
ORD1663,2023-12-02 00:00:00,David Moore,Laptop,7,647.88,Los Angeles
ORD1664,2023-12-21 00:00:00,Emma Smith,Router,9,65.7,Philadelphia
ORD1665,2023-10-16 00:00:00,Michael Wilson,Keyboard,2,1217.25,New York
ORD1666,2024-01-01 00:00:00,Emily Smith,Printer,1,1335.8,San Antonio
ORD1667,2023-11-25 00:00:00,Sarah Johnson,Router,9,529.76,Dallas
ORD1668,2023-12-14 00:00:00,Emily Johnson,Camera,2,1241.18,Philadelphia
ORD1669,2023-09-06 00:00:00,Laura Wilson,Camera,2,1866.84,Jacksonville
ORD1670,2023-06-13 00:00:00,Laura Williams,Monitor,4,795.09,Phoenix
ORD1671,2023-02-01 00:00:00,Emma Johnson,Keyboard,5,1072.8,Phoenix
ORD1672,2023-03-09 00:00:00,Sarah Brown,Monitor,4,1546.75,Austin
ORD1673,2023-12-31 00:00:00,Laura Jones,Router,7,1254.91,Philadelphia
ORD1674,2023-03-27 00:00:00,Daniel Williams,Tablet,9,220.96,Philadelphia
ORD1675,2023-02-21 00:00:00,David Moore,Monitor,6,557.29,Austin
ORD1676,2023-08-19 00:00:00,Sarah Miller,Tablet,4,443.05,Austin
ORD1677,2023-12-11 00:00:00,Sarah Davis,Camera,3,1022.04,Austin
ORD1678,2023-05-04 00:00:00,Emma Brown,Printer,5,1389.37,Los Angeles
ORD1679,2023-02-06 00:00:00,Daniel Davis,Headphones,8,341.49,Austin
ORD1680,2023-07-26 00:00:00,David Wilson,Keyboard,3,1646.34,Houston
ORD1681,2023-02-02 00:00:00,Emily Williams,Router,7,1454.35,Austin
ORD1682,2023-02-28 00:00:00,Daniel Brown,Headphones,5,1176.02,Chicago
ORD1683,2023-04-18 00:00:00,Emily Moore,Keyboard,7,364.29,Philadelphia
ORD1684,2023-07-13 00:00:00,Chris Miller,Tablet,1,403.92,Los Angeles
ORD1685,2023-06-01 00:00:00,David Davis,Keyboard,9,664.31,Chicago
ORD1686,2023-03-18 00:00:00,John Davis,Laptop,8,559.73,Austin
ORD1687,2023-05-13 00:00:00,Michael Moore,Monitor,2,1097.24,Jacksonville
ORD1688,2023-06-25 00:00:00,Michael Moore,Headphones,1,669.53,Chicago
ORD1689,2023-01-31 00:00:00,Sarah Smith,Printer,3,1119.72,Chicago
ORD1690,2023-01-30 00:00:00,Chris Davis,Smartphone,7,601.84,Dallas
ORD1691,2023-12-17 00:00:00,Jane Davis,Camera,3,1342.42,Chicago
ORD1692,2023-11-11 00:00:00,Emma Wilson,Smartphone,8,1550.05,Dallas
ORD1693,2023-12-14 00:00:00,Emma Miller,Printer,5,1135.82,Jacksonville
ORD1694,2023-05-30 00:00:00,Emily Jones,Headphones,6,1276.41,Chicago
ORD1695,2023-11-08 00:00:00,David Smith,Keyboard,6,140.41,Philadelphia
ORD1696,2023-04-16 00:00:00,John Johnson,Mouse,3,1508.73,Los Angeles
ORD1697,2023-01-22 00:00:00,Laura Miller,Camera,5,1791.92,San Diego
ORD1698,2023-08-20 00:00:00,Emma Johnson,Mouse,9,1431.15,San Antonio
ORD1699,2023-12-08 00:00:00,Daniel Smith,Tablet,1,1615.32,Los Angeles
ORD1700,2023-11-24 00:00:00,Michael Wilson,Printer,5,832.62,San Antonio
ORD1701,2024-01-12 00:00:00,Jane Miller,Headphones,6,751.7,Los Angeles
ORD1702,2023-01-31 00:00:00,David Williams,Camera,7,1542.96,Phoenix
ORD1703,2023-06-16 00:00:00,Daniel Davis,Printer,3,1390.21,Philadelphia
ORD1704,2023-03-28 00:00:00,Chris Williams,Printer,5,74.66,Phoenix
ORD1705,2023-05-30 00:00:00,Laura Garcia,Laptop,9,232.12,Los Angeles
ORD1706,2023-04-22 00:00:00,Daniel Davis,Mouse,6,328.98,Jacksonville
ORD1707,2023-03-08 00:00:00,Laura Jones,Monitor,8,1570.3,Los Angeles
ORD1708,2023-08-01 00:00:00,Michael Brown,Mouse,3,161.23,San Jose
ORD1709,2023-02-08 00:00:00,Chris Jones,Laptop,9,1064.32,Austin
ORD1710,2023-03-12 00:00:00,Emily Moore,Router,4,1200.88,Phoenix
ORD1711,2023-10-05 00:00:00,Emma Jones,Smartphone,6,1578.41,Austin
ORD1712,2023-01-01 00:00:00,Chris Smith,Laptop,5,1905.48,San Jose
ORD1713,2023-07-31 00:00:00,Sarah Smith,Smartphone,9,1470.21,Philadelphia
ORD1714,2023-06-24 00:00:00,Michael Garcia,Smartphone,9,456.84,Philadelphia
ORD1715,2023-02-13 00:00:00,Jane Smith,Printer,6,686.16,Austin
ORD1716,2023-07-06 00:00:00,Michael Smith,Router,3,495.8,Phoenix
ORD1717,2023-10-17 00:00:00,Jane Jones,Headphones,1,1349.66,Houston
ORD1718,2023-09-13 00:00:00,Michael Johnson,Keyboard,5,343.43,Austin
ORD1719,2023-07-02 00:00:00,Chris Smith,Laptop,2,278.59,Houston
ORD1720,2023-07-18 00:00:00,Chris Johnson,Monitor,3,576.19,Houston
ORD1721,2023-11-08 00:00:00,Michael Garcia,Camera,6,1533.39,Jacksonville
ORD1722,2023-12-28 00:00:00,Sarah Miller,Router,3,1569.51,San Antonio
ORD1723,2024-01-15 00:00:00,Chris Davis,Router,8,1344.98,Philadelphia
ORD1724,2023-03-29 00:00:00,Emily Johnson,Keyboard,2,884.59,New York
ORD1725,2024-01-02 00:00:00,David Wilson,Tablet,6,531.02,San Diego
ORD1726,2023-02-06 00:00:00,Jane Moore,Headphones,5,362.14,Houston
ORD1727,2023-01-04 00:00:00,John Wilson,Printer,2,1771.17,Jacksonville
ORD1728,2023-10-26 00:00:00,Michael Wilson,Monitor,7,1156.94,Jacksonville
ORD1729,2023-05-31 00:00:00,John Wilson,Headphones,3,720.01,New York
ORD1730,2023-02-10 00:00:00,Daniel Brown,Laptop,8,156.7,New York
ORD1731,2023-01-03 00:00:00,Laura Jones,Camera,2,1936.96,San Diego
ORD1732,2023-11-28 00:00:00,John Garcia,Mouse,2,80.42,San Diego
ORD1733,2023-11-12 00:00:00,Daniel Johnson,Mouse,7,729.17,Los Angeles
ORD1734,2023-12-12 00:00:00,Emily Moore,Laptop,6,1450.38,San Antonio
ORD1735,2023-10-17 00:00:00,Michael Williams,Tablet,3,904.15,Los Angeles
ORD1736,2023-10-29 00:00:00,Daniel Davis,Keyboard,2,1484.37,Phoenix
ORD1737,2023-09-14 00:00:00,Jane Davis,Headphones,5,547.69,Phoenix
ORD1738,2023-02-21 00:00:00,Daniel Davis,Laptop,7,1287.56,San Jose
ORD1739,2024-01-02 00:00:00,Michael Johnson,Mouse,5,1409.02,Chicago
ORD1740,2023-10-15 00:00:00,Emma Garcia,Headphones,4,401.09,San Jose
ORD1741,2023-09-18 00:00:00,Daniel Smith,Laptop,7,715.51,Los Angeles
ORD1742,2023-03-05 00:00:00,Michael Johnson,Keyboard,7,1385.06,Austin
ORD1743,2023-05-22 00:00:00,Jane Smith,Router,4,1548.62,Los Angeles
ORD1744,2023-09-14 00:00:00,Sarah Jones,Smartphone,7,1877.39,San Diego
ORD1745,2023-07-10 00:00:00,David Wilson,Router,1,647.04,Chicago
ORD1746,2023-07-06 00:00:00,John Johnson,Laptop,3,174.03,San Diego
ORD1747,2023-05-23 00:00:00,Michael Johnson,Camera,5,1225.35,Phoenix
ORD1748,2023-11-02 00:00:00,Jane Johnson,Smartphone,2,256.71,Houston
ORD1749,2024-01-19 00:00:00,Chris Garcia,Tablet,5,1098.19,Phoenix
ORD1750,2023-09-04 00:00:00,Daniel Brown,Headphones,7,689.43,San Jose
ORD1751,2023-06-09 00:00:00,Emily Johnson,Headphones,3,150.75,Philadelphia
ORD1752,2024-01-13 00:00:00,John Garcia,Smartphone,7,119.02,Jacksonville
ORD1753,2023-04-15 00:00:00,Daniel Wilson,Router,7,715.51,New York
ORD1754,2024-01-16 00:00:00,Chris Smith,Headphones,2,444.71,Chicago
ORD1755,2023-12-01 00:00:00,Laura Wilson,Mouse,7,1561.39,Philadelphia
ORD1756,2023-05-16 00:00:00,Chris Garcia,Printer,3,1104.08,San Jose
ORD1757,2024-01-14 00:00:00,Laura Brown,Keyboard,9,1324.72,Los Angeles
ORD1758,2023-04-30 00:00:00,Michael Moore,Camera,6,1781.61,Austin
ORD1759,2023-11-26 00:00:00,Daniel Wilson,Tablet,5,593.9,Dallas
ORD1760,2023-12-04 00:00:00,Emily Garcia,Tablet,8,1539.44,Houston
ORD1761,2023-09-01 00:00:00,Chris Johnson,Smartphone,1,1183.52,Chicago
ORD1762,2023-02-13 00:00:00,Michael Brown,Headphones,2,751.17,Los Angeles
ORD1763,2023-02-27 00:00:00,Emily Williams,Monitor,5,809.05,San Antonio
ORD1764,2023-08-23 00:00:00,Michael Moore,Laptop,6,1021.65,Los Angeles
ORD1765,2023-08-27 00:00:00,Sarah Jones,Smartphone,2,778.83,Dallas
ORD1766,2023-10-02 00:00:00,John Moore,Router,6,1825.15,Los Angeles
ORD1767,2023-12-12 00:00:00,Laura Davis,Router,1,1212.09,Jacksonville
ORD1768,2023-12-16 00:00:00,Chris Garcia,Tablet,3,1165.98,San Antonio
ORD1769,2023-05-13 00:00:00,Michael Moore,Smartphone,1,404.13,Philadelphia
ORD1770,2023-08-03 00:00:00,Chris Moore,Tablet,4,225.54,San Antonio
ORD1771,2023-07-29 00:00:00,Chris Moore,Mouse,3,1507.15,Dallas
ORD1772,2023-08-13 00:00:00,Laura Williams,Tablet,2,282.97,Chicago
ORD1773,2023-10-22 00:00:00,John Brown,Keyboard,1,978.44,Austin
ORD1774,2023-03-12 00:00:00,John Johnson,Laptop,2,541.22,Dallas
ORD1775,2023-01-13 00:00:00,Emily Miller,Camera,6,1207.65,San Diego
ORD1776,2023-07-22 00:00:00,John Davis,Mouse,5,1204.14,Philadelphia
ORD1777,2023-08-19 00:00:00,Laura Williams,Keyboard,9,1289.24,Dallas
ORD1778,2023-03-14 00:00:00,Sarah Moore,Tablet,5,566.29,Los Angeles
ORD1779,2023-04-04 00:00:00,David Wilson,Smartphone,8,1380.04,San Jose
ORD1780,2023-07-26 00:00:00,Emily Moore,Headphones,6,588.06,Chicago
ORD1781,2023-10-31 00:00:00,Laura Wilson,Keyboard,2,712.51,San Jose
ORD1782,2023-06-09 00:00:00,Emma Smith,Printer,7,1904.52,Dallas
ORD1783,2023-10-24 00:00:00,Emma Garcia,Mouse,9,1431.23,San Jose
ORD1784,2023-02-22 00:00:00,Emma Davis,Printer,3,456.22,Dallas
ORD1785,2023-02-09 00:00:00,David Garcia,Smartphone,5,1092.4,Los Angeles
ORD1786,2023-05-27 00:00:00,David Brown,Smartphone,2,1055.31,Phoenix
ORD1787,2023-04-07 00:00:00,Sarah Williams,Monitor,9,869.72,Dallas
ORD1788,2023-08-10 00:00:00,Laura Smith,Tablet,5,518.62,San Diego
ORD1789,2023-07-31 00:00:00,Laura Moore,Headphones,8,322.43,San Jose
ORD1790,2023-05-04 00:00:00,Laura Williams,Camera,7,1708.92,Chicago
ORD1791,2023-07-02 00:00:00,Michael Jones,Printer,8,840.38,San Antonio
ORD1792,2023-06-12 00:00:00,Emily Garcia,Keyboard,6,408.84,Philadelphia
ORD1793,2023-01-09 00:00:00,Jane Davis,Keyboard,7,1054.57,Phoenix
ORD1794,2023-04-11 00:00:00,Emily Miller,Smartphone,9,547.9,Phoenix
ORD1795,2023-12-13 00:00:00,Sarah Smith,Monitor,5,561.94,Dallas
ORD1796,2023-05-16 00:00:00,Sarah Williams,Smartphone,2,464.3,San Diego
ORD1797,2023-06-25 00:00:00,Emily Miller,Mouse,4,613.32,San Jose
ORD1798,2023-05-07 00:00:00,Chris Brown,Printer,7,1069.96,Chicago
ORD1799,2023-07-25 00:00:00,Michael Williams,Printer,9,1921.98,San Diego
ORD1800,2023-09-26 00:00:00,Emma Williams,Headphones,9,1582.13,Los Angeles
ORD1801,2023-12-25 00:00:00,Michael Moore,Laptop,8,662.19,Houston
ORD1802,2024-01-08 00:00:00,John Wilson,Mouse,4,1495.08,Houston
ORD1803,2023-06-18 00:00:00,Emily Jones,Monitor,9,290.42,Chicago
ORD1804,2023-01-28 00:00:00,Emma Brown,Router,9,491.55,Jacksonville
ORD1805,2023-08-26 00:00:00,Laura Jones,Keyboard,7,1473.06,Chicago
ORD1806,2023-03-19 00:00:00,Jane Garcia,Router,8,726.05,San Diego
ORD1807,2024-01-28 00:00:00,Emily Garcia,Smartphone,1,1063.3,San Jose
ORD1808,2023-01-17 00:00:00,Emma Smith,Printer,4,1668.05,Philadelphia
ORD1809,2023-06-26 00:00:00,Chris Miller,Camera,9,323.21,Chicago
ORD1810,2023-10-26 00:00:00,John Davis,Laptop,3,1729.02,Houston
ORD1811,2023-12-10 00:00:00,Michael Smith,Smartphone,5,1838.55,Los Angeles
ORD1812,2023-05-01 00:00:00,Daniel Johnson,Laptop,3,144.71,New York
ORD1813,2023-07-09 00:00:00,Michael Wilson,Tablet,7,1998.07,Dallas
ORD1814,2023-12-12 00:00:00,Daniel Jones,Tablet,3,496.9,Phoenix
ORD1815,2023-10-03 00:00:00,John Johnson,Monitor,4,715.44,San Antonio
ORD1816,2023-12-10 00:00:00,Daniel Williams,Tablet,3,1034.21,Chicago
ORD1817,2023-10-12 00:00:00,Jane Johnson,Headphones,3,1639.67,Chicago
ORD1818,2023-09-17 00:00:00,Jane Williams,Headphones,6,1081.5,Austin
ORD1819,2023-07-04 00:00:00,David Moore,Headphones,6,1249.04,Los Angeles
ORD1820,2023-10-07 00:00:00,Emma Brown,Monitor,9,980.84,New York
ORD1821,2023-06-24 00:00:00,Laura Williams,Laptop,4,845.48,San Jose
ORD1822,2024-01-04 00:00:00,David Moore,Camera,2,1771.52,Philadelphia
ORD1823,2024-01-31 00:00:00,Emma Williams,Smartphone,5,1163.59,Houston
ORD1824,2023-03-08 00:00:00,John Smith,Smartphone,2,429.82,San Antonio
ORD1825,2023-12-23 00:00:00,John Jones,Smartphone,2,706.14,San Diego
ORD1826,2023-12-14 00:00:00,David Wilson,Monitor,9,1933.19,San Antonio
ORD1827,2023-04-28 00:00:00,Chris Garcia,Keyboard,4,1497.62,San Antonio
ORD1828,2023-08-15 00:00:00,Emily Wilson,Printer,2,1064.32,Houston
ORD1829,2023-03-03 00:00:00,Emily Williams,Smartphone,8,828.27,New York
ORD1830,2023-01-16 00:00:00,Jane Jones,Printer,5,1909.6,Los Angeles
ORD1831,2023-06-19 00:00:00,Chris Miller,Mouse,1,1269.12,San Diego
ORD1832,2023-10-28 00:00:00,Emma Brown,Camera,7,1652.81,San Diego
ORD1833,2023-11-06 00:00:00,David Smith,Headphones,8,1092.06,San Diego
ORD1834,2023-12-30 00:00:00,David Moore,Mouse,4,1936.67,New York
ORD1835,2023-03-18 00:00:00,Michael Brown,Router,2,1800.32,New York
ORD1836,2023-12-11 00:00:00,Chris Miller,Laptop,4,475.58,New York
ORD1837,2023-02-14 00:00:00,Jane Brown,Router,4,1967.56,Los Angeles
ORD1838,2023-09-16 00:00:00,Laura Wilson,Smartphone,5,1288.82,Los Angeles
ORD1839,2023-05-22 00:00:00,Daniel Johnson,Tablet,6,895.14,San Antonio
ORD1840,2023-09-10 00:00:00,Michael Wilson,Monitor,8,1030.1,San Diego
ORD1841,2023-08-25 00:00:00,Laura Williams,Laptop,4,1817.47,San Diego
ORD1842,2023-08-17 00:00:00,Laura Miller,Laptop,9,1483.34,San Diego
ORD1843,2023-05-03 00:00:00,Jane Moore,Headphones,2,810.3,San Jose
ORD1844,2023-05-02 00:00:00,John Wilson,Laptop,5,646.42,San Diego
ORD1845,2024-01-01 00:00:00,Daniel Wilson,Headphones,8,1084.13,Jacksonville
ORD1846,2023-09-11 00:00:00,Michael Miller,Router,6,234.16,Jacksonville
ORD1847,2023-06-25 00:00:00,Daniel Brown,Mouse,7,1925.54,Dallas
ORD1848,2023-01-07 00:00:00,Emma Davis,Smartphone,4,832.94,New York
ORD1849,2023-11-29 00:00:00,Michael Williams,Headphones,4,504.28,Austin
ORD1850,2023-01-01 00:00:00,Jane Smith,Router,3,1924.28,San Diego
ORD1851,2023-10-05 00:00:00,Laura Jones,Headphones,8,1682.73,Austin
ORD1852,2023-08-06 00:00:00,Daniel Miller,Router,8,947.97,New York
ORD1853,2023-12-31 00:00:00,John Wilson,Smartphone,8,1662.58,Jacksonville
ORD1854,2023-04-16 00:00:00,Chris Smith,Laptop,2,1478.32,Chicago
ORD1855,2023-12-24 00:00:00,Sarah Brown,Headphones,3,868.4,Philadelphia
ORD1856,2023-01-06 00:00:00,Michael Brown,Printer,4,1411.56,Dallas
ORD1857,2023-06-07 00:00:00,Daniel Garcia,Mouse,7,553.87,San Diego
ORD1858,2023-08-01 00:00:00,Daniel Garcia,Router,8,615,Jacksonville
ORD1859,2023-07-17 00:00:00,Sarah Wilson,Keyboard,1,597.91,Jacksonville
ORD1860,2024-01-11 00:00:00,Jane Davis,Router,9,316.53,Los Angeles
ORD1861,2023-03-11 00:00:00,Jane Davis,Keyboard,6,120.38,San Diego
ORD1862,2023-01-11 00:00:00,John Smith,Tablet,8,291.1,Jacksonville
ORD1863,2023-09-24 00:00:00,Daniel Garcia,Printer,1,542.78,Los Angeles
ORD1864,2023-08-21 00:00:00,Michael Jones,Camera,1,512.02,Dallas
ORD1865,2023-06-09 00:00:00,David Wilson,Printer,2,1404.02,Houston
ORD1866,2023-11-23 00:00:00,John Brown,Tablet,8,1301.29,New York
ORD1867,2023-06-12 00:00:00,Emily Miller,Smartphone,1,524.79,Austin
ORD1868,2023-07-28 00:00:00,Laura Williams,Printer,4,1240.71,Los Angeles
ORD1869,2023-03-11 00:00:00,John Garcia,Mouse,7,836.52,San Diego
ORD1870,2024-01-04 00:00:00,Daniel Johnson,Printer,9,741.82,Houston
ORD1871,2023-05-10 00:00:00,Emily Moore,Laptop,4,444.68,Jacksonville
ORD1872,2024-01-22 00:00:00,Michael Moore,Laptop,4,1812.13,Houston
ORD1873,2023-01-21 00:00:00,Emily Davis,Monitor,9,1066.06,Chicago
ORD1874,2023-06-09 00:00:00,Michael Davis,Laptop,9,1385.22,New York
ORD1875,2023-11-15 00:00:00,David Garcia,Laptop,9,1792.87,Los Angeles
ORD1876,2023-05-05 00:00:00,David Jones,Mouse,6,1949.88,Phoenix
ORD1877,2023-09-03 00:00:00,Emily Davis,Keyboard,9,927.33,Dallas
ORD1878,2023-02-17 00:00:00,David Miller,Smartphone,6,1602.07,San Jose
ORD1879,2024-01-18 00:00:00,Emma Jones,Tablet,7,1173.49,Jacksonville
ORD1880,2023-12-15 00:00:00,David Brown,Camera,5,63.38,Chicago
ORD1881,2023-04-21 00:00:00,Chris Wilson,Camera,8,1439.18,New York
ORD1882,2023-08-21 00:00:00,Daniel Johnson,Camera,3,674.88,Phoenix
ORD1883,2023-05-22 00:00:00,Chris Smith,Monitor,6,1041.15,Dallas
ORD1884,2023-04-18 00:00:00,John Smith,Smartphone,2,1901.7,Chicago
ORD1885,2023-06-22 00:00:00,Daniel Garcia,Headphones,6,871.07,Austin
ORD1886,2023-10-23 00:00:00,John Garcia,Keyboard,9,685.57,Philadelphia
ORD1887,2023-08-04 00:00:00,Jane Wilson,Printer,2,1611.9,Los Angeles
ORD1888,2023-07-27 00:00:00,David Garcia,Camera,5,1226.3,Phoenix
ORD1889,2023-11-01 00:00:00,David Garcia,Smartphone,5,1884.54,New York
ORD1890,2023-09-16 00:00:00,Laura Smith,Camera,8,1577.65,San Antonio
ORD1891,2023-09-18 00:00:00,Emma Garcia,Tablet,9,1272.38,San Jose
ORD1892,2023-05-13 00:00:00,Michael Wilson,Router,5,81.84,Dallas
ORD1893,2023-08-27 00:00:00,Michael Miller,Camera,6,1427.86,San Antonio
ORD1894,2023-08-04 00:00:00,John Jones,Smartphone,9,323.55,New York
ORD1895,2023-11-01 00:00:00,Michael Jones,Monitor,4,1674.23,Los Angeles
ORD1896,2023-06-18 00:00:00,Sarah Wilson,Printer,7,695.52,New York
ORD1897,2024-01-13 00:00:00,Emma Garcia,Printer,7,1360.09,Dallas
ORD1898,2023-09-22 00:00:00,Emma Jones,Camera,9,1045.08,Houston
ORD1899,2023-12-08 00:00:00,Laura Moore,Laptop,2,1307.06,Philadelphia
ORD1900,2023-05-24 00:00:00,Daniel Brown,Router,1,364.58,Dallas
ORD1901,2023-05-22 00:00:00,John Williams,Keyboard,6,207.15,Dallas
ORD1902,2023-12-21 00:00:00,Emma Wilson,Smartphone,1,1403.62,Houston
ORD1903,2023-07-05 00:00:00,Emily Garcia,Keyboard,3,269.44,San Jose
ORD1904,2023-03-22 00:00:00,Daniel Brown,Mouse,4,114.8,San Antonio
ORD1905,2024-01-01 00:00:00,David Brown,Mouse,4,952.15,Dallas
ORD1906,2023-04-22 00:00:00,Daniel Johnson,Laptop,9,73.29,Dallas
ORD1907,2023-09-22 00:00:00,Emma Wilson,Monitor,2,829,Chicago
ORD1908,2024-01-15 00:00:00,John Johnson,Headphones,5,1334.18,New York
ORD1909,2023-06-03 00:00:00,Laura Garcia,Smartphone,5,871.53,Chicago
ORD1910,2024-01-14 00:00:00,Daniel Wilson,Mouse,7,1749.12,San Antonio
ORD1911,2024-01-08 00:00:00,Michael Miller,Laptop,2,1263.85,Phoenix
ORD1912,2023-09-05 00:00:00,Jane Miller,Monitor,9,639.57,Houston
ORD1913,2023-04-04 00:00:00,John Jones,Printer,4,1999.05,Philadelphia
ORD1914,2023-03-31 00:00:00,John Davis,Smartphone,5,475.85,Austin
ORD1915,2023-11-06 00:00:00,Laura Moore,Printer,1,1602.11,Philadelphia
ORD1916,2024-01-18 00:00:00,David Johnson,Laptop,4,508.77,Dallas
ORD1917,2023-09-28 00:00:00,Daniel Jones,Headphones,4,468.88,Houston
ORD1918,2023-06-30 00:00:00,Michael Wilson,Smartphone,4,910.27,Chicago
ORD1919,2023-05-09 00:00:00,Michael Moore,Router,7,1321.67,Dallas
ORD1920,2023-03-04 00:00:00,Michael Smith,Headphones,1,1509.07,Phoenix
ORD1921,2024-01-01 00:00:00,Sarah Jones,Keyboard,1,1587.03,Jacksonville
ORD1922,2023-09-22 00:00:00,John Moore,Headphones,1,1907.38,San Jose
ORD1923,2023-07-05 00:00:00,Jane Wilson,Monitor,2,588.88,San Jose
ORD1924,2023-08-14 00:00:00,Emily Davis,Laptop,9,1450.5,Philadelphia
ORD1925,2023-12-10 00:00:00,John Miller,Tablet,6,651.85,New York
ORD1926,2023-10-24 00:00:00,Laura Moore,Headphones,8,1279.08,Dallas
ORD1927,2023-11-19 00:00:00,Emily Johnson,Monitor,2,328.4,San Antonio
ORD1928,2023-12-15 00:00:00,Sarah Jones,Smartphone,3,548.53,Chicago
ORD1929,2023-04-26 00:00:00,Chris Johnson,Laptop,2,1420.68,San Jose
ORD1930,2023-12-05 00:00:00,John Moore,Laptop,8,748.14,New York
ORD1931,2023-02-25 00:00:00,Daniel Brown,Keyboard,9,1172.2,Dallas
ORD1932,2023-05-27 00:00:00,Chris Brown,Headphones,9,688.28,Dallas
ORD1933,2023-07-15 00:00:00,Laura Davis,Keyboard,8,1463.33,Houston
ORD1934,2023-10-20 00:00:00,Emily Jones,Router,5,104.04,San Antonio
ORD1935,2023-07-24 00:00:00,Emma Davis,Camera,4,437.82,San Diego
ORD1936,2023-03-27 00:00:00,Michael Moore,Tablet,7,986.86,Phoenix
ORD1937,2023-01-13 00:00:00,Laura Williams,Printer,8,431.93,New York
ORD1938,2023-09-15 00:00:00,Michael Moore,Camera,2,1067.32,San Antonio
ORD1939,2023-09-09 00:00:00,John Williams,Router,6,1464.66,Chicago
ORD1940,2023-08-07 00:00:00,Chris Moore,Keyboard,2,144.81,Austin
ORD1941,2023-03-03 00:00:00,Michael Moore,Printer,8,533.22,Los Angeles
ORD1942,2023-09-15 00:00:00,David Smith,Router,8,1302.89,San Jose
ORD1943,2023-01-07 00:00:00,Laura Johnson,Mouse,3,1967.99,San Antonio
ORD1944,2023-07-26 00:00:00,David Smith,Laptop,3,1115.36,Philadelphia
ORD1945,2023-10-20 00:00:00,Daniel Smith,Tablet,6,1145,Houston
ORD1946,2023-01-31 00:00:00,Michael Moore,Headphones,5,1772.34,New York
ORD1947,2023-07-04 00:00:00,John Smith,Printer,9,782.64,Austin
ORD1948,2023-02-08 00:00:00,Jane Johnson,Keyboard,3,1657.91,San Diego
ORD1949,2023-01-19 00:00:00,Michael Brown,Monitor,8,548.4,Jacksonville
ORD1950,2023-07-28 00:00:00,Michael Garcia,Keyboard,6,138.86,Houston
ORD1951,2023-02-14 00:00:00,Emily Garcia,Camera,1,1975.34,Jacksonville
ORD1952,2023-09-08 00:00:00,Emily Miller,Monitor,3,1038.01,Philadelphia
ORD1953,2024-01-28 00:00:00,Sarah Moore,Tablet,7,54.56,Austin
ORD1954,2023-06-09 00:00:00,Emily Johnson,Laptop,1,1204.01,Houston
ORD1955,2023-06-20 00:00:00,Michael Brown,Headphones,4,1447.82,Dallas
ORD1956,2023-11-02 00:00:00,Laura Wilson,Laptop,2,1246.39,Houston
ORD1957,2023-02-06 00:00:00,Jane Smith,Laptop,4,985.8,Jacksonville
ORD1958,2023-10-16 00:00:00,John Davis,Keyboard,3,1910.14,Los Angeles
ORD1959,2023-10-03 00:00:00,John Brown,Smartphone,5,1263.68,Chicago
ORD1960,2024-01-09 00:00:00,Michael Garcia,Laptop,4,1154.13,Dallas
ORD1961,2023-05-23 00:00:00,Sarah Brown,Keyboard,4,215.19,Austin
ORD1962,2023-10-14 00:00:00,Chris Garcia,Printer,2,1973.13,Phoenix
ORD1963,2024-01-08 00:00:00,Daniel Davis,Router,2,94.58,Austin
ORD1964,2023-11-20 00:00:00,Michael Johnson,Camera,9,64.31,San Jose
ORD1965,2023-01-21 00:00:00,Sarah Wilson,Smartphone,8,840.28,Austin
ORD1966,2023-05-23 00:00:00,David Smith,Mouse,8,1548.27,Houston
ORD1967,2023-04-07 00:00:00,Daniel Jones,Laptop,1,1127.56,San Jose
ORD1968,2023-06-14 00:00:00,Emily Johnson,Router,9,434.83,Dallas
ORD1969,2023-06-07 00:00:00,John Davis,Keyboard,5,126.01,Chicago
ORD1970,2023-08-30 00:00:00,Jane Jones,Router,1,734.74,San Jose
ORD1971,2023-11-07 00:00:00,Jane Johnson,Laptop,3,672.19,Houston
ORD1972,2023-03-24 00:00:00,David Williams,Router,8,1622.38,Dallas
ORD1973,2023-09-19 00:00:00,Chris Jones,Tablet,7,1790.03,Chicago
ORD1974,2024-01-01 00:00:00,Laura Williams,Smartphone,2,281.01,Houston
ORD1975,2023-08-31 00:00:00,Daniel Jones,Router,7,1106.95,San Jose
ORD1976,2023-07-04 00:00:00,Emily Williams,Monitor,3,955.89,San Diego
ORD1977,2023-09-12 00:00:00,Emma Brown,Tablet,2,1981.94,Phoenix
ORD1978,2023-10-06 00:00:00,Emily Garcia,Router,1,1556.79,Phoenix
ORD1979,2023-03-20 00:00:00,Chris Moore,Smartphone,9,1300.49,Jacksonville
ORD1980,2023-02-16 00:00:00,David Johnson,Router,7,1384.9,San Diego
ORD1981,2023-12-21 00:00:00,David Garcia,Camera,8,1718.04,San Jose
ORD1982,2023-09-06 00:00:00,Laura Brown,Monitor,1,1126.38,Chicago
ORD1983,2024-01-07 00:00:00,Chris Moore,Smartphone,7,1588.4,Houston
ORD1984,2023-11-04 00:00:00,Michael Jones,Laptop,6,560.71,San Diego
ORD1985,2023-03-31 00:00:00,Laura Johnson,Tablet,3,422.8,Houston
ORD1986,2023-01-03 00:00:00,Jane Wilson,Smartphone,1,1345.92,San Diego
ORD1987,2023-10-09 00:00:00,Sarah Jones,Mouse,6,997.36,Philadelphia
ORD1988,2023-07-21 00:00:00,Jane Wilson,Printer,4,132.48,Houston
ORD1989,2023-10-12 00:00:00,Emily Brown,Smartphone,4,1940.72,New York
ORD1990,2023-09-04 00:00:00,Emma Brown,Printer,7,854.42,Chicago
ORD1991,2023-07-23 00:00:00,Emma Moore,Headphones,8,1250.26,Dallas
ORD1992,2023-02-09 00:00:00,Michael Wilson,Mouse,6,702.87,Jacksonville
ORD1993,2024-01-31 00:00:00,Emma Williams,Printer,7,1954.99,Jacksonville
ORD1994,2023-03-31 00:00:00,John Smith,Smartphone,4,703.35,Phoenix
ORD1995,2023-10-26 00:00:00,Sarah Garcia,Smartphone,2,1656.91,Philadelphia
ORD1996,2023-01-10 00:00:00,Emily Jones,Monitor,2,1942.24,Austin
ORD1997,2023-10-19 00:00:00,Laura Smith,Printer,8,1786.91,Philadelphia
ORD1998,2023-05-12 00:00:00,Emily Moore,Mouse,6,535.41,Chicago
ORD1999,2023-07-24 00:00:00,David Miller,Laptop,7,825.58,Phoenix